<?xml version="1.0" encoding="utf-8"?>
<window type="window" id="2114">
  <onload condition="String.IsEmpty(Skin.String(TVHubMenuFocus))">SetFocus(505)</onload>
  <onload condition="!String.IsEmpty(Skin.String(TVHubMenuFocus))">SetFocus(400,1,absolute)</onload>
  <onload>Skn.Reset(CatMove)</onload>
  <onunload>ClearProperty(SkinHelper.WidgetContainer,Home)</onunload>
  <controls>
      <include>Animation_Right</include>
      <include>object_menuhub_includes</include>
      <include>Home_TVHubMenu_Layout</include>
    <control type="label">
      <left>110</left>
      <top>40</top>
      <label>Categories</label>
      <height>40</height>
      <width>350</width>
      <align>left</align>
      <aligny>top</aligny>
      <textcolor>white</textcolor>
      <font>font_heading_small</font>
      <visible>Control.HasFocus(505) | Control.HasFocus(400)</visible>
      <animation effect="slide" end="240,0" time="500" condition="Control.HasFocus(400)">Conditional</animation>
    </control>
    <control type="button" id="5051">
     <centerleft>50%</centerleft>
     <centertop>50%</centertop>
     <width>500</width>
     <height>60</height>
     <label>Hub Empty - Choose Items</label>
     <textcolor>white</textcolor>
     <focusedcolor>White</focusedcolor>
     <texturefocus colordiffuse="$VAR[ColorHighlight]" border="16">common/white.png</texturefocus>
     <onclick>Close</onclick>
     <onclick>RunScript(script.skinshortcuts,type=manage&amp;group=x1104)</onclick>
     <visible>!Integer.IsGreater(Container(505).NumItems,0) + !Container(505).IsUpating</visible>
    </control>
    <control type="list" id="505">
      <include>Animation_Right</include>
      <onfocus condition="!Integer.IsGreater(Container(505).NumItems,0) + !Container(505).IsUpating">SetFocus(5051)</onfocus>
      <animation effect="slide" end="240,0" time="500" condition="Control.HasFocus(400)">Conditional</animation>
      <animation effect="slide" end="-500,0" time="500" delay="100" condition="ControlGroup(5055).HasFocus">Conditional</animation>
      <onright>5055</onright>
      <height>900</height>
      <top>140</top>
      <left>80</left>
      <onleft>SetFocus(400,1)</onleft>
      <onback>Skin.Reset(TVHubMenuFocus)</onback>
      <onback>Skin.Reset(CatMove)</onback>
      <onback>ActivateWindow(Home)</onback>
      <viewtype label="$LOCALIZE[31469]">icon</viewtype>
      <scrolltime tween="sine" easing="out">500</scrolltime>
      <itemgap>10</itemgap>
      
      <itemlayout width="400" height="75">
        <control type="group">
          <control type="label">
            <left>30</left>
            <label>$INFO[ListItem.Label]</label>
            <align>left</align>
            <font>font_small</font>
            <textcolor>dimgrey</textcolor>
          </control>
        </control>
      </itemlayout>
      <focusedlayout width="400" height="85">
        <control type="group">
          <control type="group">
            <height>70</height>
            <width>400</width>
            <left>10</left>
          </control>
          <control type="label">
            <left>30</left>
            <label>$INFO[ListItem.Label]</label>
            <align>left</align>
            <font>font_large_bold</font>
            <textcolor>white</textcolor>
          </control>
        </control>
      </focusedlayout>
      <content>
        <include>skinshortcuts-group-x1104</include>
      </content>
    </control>
    <control type="grouplist" id="5055">
      <include>Animation_Right</include>
      <animation effect="slide" end="300,0" time="500" condition="Control.HasFocus(400)">Conditional</animation>
      <animation effect="slide" end="-480,0" time="500" delay="100" condition="ControlGroup(5055).HasFocus">Conditional</animation>
      <left>480</left>
      <posy>620</posy>
      <width>100%</width>
      <onleft>505</onleft>
      <onback>505</onback>
      <orientation>vertical</orientation>
      <include>skinshortcuts-template-x1104</include>
    </control>
  <include content="Object_UpDownInfoArrows">
     <param name="id" value="5055" />
  </include>
  </controls>
</window>
