<?xml version="1.0" encoding="UTF-8"?>
<!-- Foundation -->
<window type="dialog" id="1120">
    <defaultcontrol always="true">9000</defaultcontrol>
    <!-- <onunload>AlarmClock(reloadskin,ReloadSkin(),00:00,silent,false)</onunload> -->
    <controls>
        <include>Global_Overlay</include>
        <control type="group">
            <include content="Dialog_Standard_Group">
                <param name="width" value="1800" />
                <param name="height" value="716" />
            </include>

            <control type="label">
                <description>Header Label</description>
                <label>[CAPITALIZE]$LOCALIZE[31442][/CAPITALIZE]</label>
                <include>Dialog_Standard_Header</include>
            </control>
            <!-- Image -->
            <control type="group">
                <left>20</left>
                <width>1060</width>
                <top>100</top>
                <height>600</height>
                <control type="image">
                    <texture background="true" fallback="special://skin/fanart.jpg" diffuse="diffuse/1117.png">$INFO[Window.Property(Image_Preview)]</texture>
		    <visible>!Control.HasFocus(9004)</visible>
                    <aspectratio scalediffuse="false">keep</aspectratio>
                </control>
                <control type="multiimage">
                    <aspectratio scalediffuse="false">keep</aspectratio>
                    <timeperimage>1000</timeperimage>
                    <imagepath>special://skin/extras/backgrounds/viewmodes/netflix-mixed/</imagepath>
		    <visible>Control.HasFocus(9004)</visible>
                </control>
                <control type="image">
                    <aspectratio scalediffuse="false">center</aspectratio>
                    <visible>[Control.HasFocus(9001) + !String.Contains(Control.GetLabel(9001),*)] | [Control.HasFocus(9002) + !String.Contains(Control.GetLabel(9002),*)] | [Control.HasFocus(9003) + !String.Contains(Control.GetLabel(9003),*)] | [Control.HasFocus(9004) + !String.Contains(Control.GetLabel(9004),*)] | [Control.HasFocus(9005) + !String.Contains(Control.GetLabel(9005),*)] | [Control.HasFocus(9006) + !String.Contains(Control.GetLabel(9006),*)] | [Control.HasFocus(9007) + !String.Contains(Control.GetLabel(9007),*)] | [Control.HasFocus(9008) + !String.Contains(Control.GetLabel(9008),*)] | [Control.HasFocus(9009) + !String.Contains(Control.GetLabel(9009),*)] | [Control.HasFocus(9010) + !String.Contains(Control.GetLabel(9010),*)]</visible>
                </control>
            </control>

            <control type="grouplist" id="9000">
                <description>Control Area</description>
                <right>20</right>
                <width>680</width>
                <top>100</top>
                <height>600</height>
                <itemgap>10</itemgap>
                <orientation>vertical</orientation>
                <pagecontrol>60</pagecontrol>
                <usecontrolcoords>true</usecontrolcoords>
                       <control type="radiobutton" id="9001" description="Enable Aura  Home Layout">
                            <include>Dialog_Standard_ListButton</include>
                            <radioposx>630</radioposx>
                            <label>$LOCALIZE[31447]</label>
                            <selected>!Skin.HasSetting(DisableAuraHomeLayout)</selected>
                            <onclick condition="Skin.HasSetting(DisableNetflixHomeAlt)">Skin.ToggleSetting(DisableAuraHomeLayout)</onclick>
                            <onclick condition="Skin.HasSetting(DisableNetflixHomeDefault)">Skin.ToggleSetting(DisableAuraHomeLayout)</onclick>
                            <onclick condition="Skin.HasSetting(DisableNetflixHomeMixed)">Skin.ToggleSetting(DisableAuraHomeLayout)</onclick>

                            <onclick condition="Skin.HasSetting(HideSubmenuWidget)">Skin.ToggleSetting(HideSubmenuWidget)</onclick> 

                            <onclick condition="Skin.HasSetting(DisableNetflixHome)">Skin.ToggleSetting(DisableNetflixHome)</onclick>
                            <onclick condition="Skin.HasSetting(DisableNetflixHomeDefault)">Skin.ToggleSetting(DisableNetflixHomeDefault)</onclick>
                            <onclick condition="Skin.HasSetting(DisableNetflixHomeAlt)">Skin.ToggleSetting(DisableNetflixHomeAlt)</onclick>
                            <onclick condition="Skin.HasSetting(DisableNetflixHomeMixed)">Skin.ToggleSetting(DisableNetflixHomeMixed)</onclick>
                            <onclick condition="Skin.HasSetting(DisableNetflixVideoInfo)">Skin.ToggleSetting(DisableNetflixVideoInfo)</onclick>
                            <onfocus>SetProperty(Image_Preview,special://skin/extras/backgrounds/viewmodes/aurahomelayout.jpg)</onfocus>
                            <onclick>ReloadSkin()</onclick>
                        </control>
                        <control type="radiobutton" id="9002" description="Enable Default Netflix  Home Layout">
                            <include>Dialog_Standard_ListButton</include>
                            <radioposx>630</radioposx>
                            <label>$LOCALIZE[31441]</label>
                            <selected>Skin.HasSetting(DisableNetflixHomeDefault)</selected>
                            <onclick condition="Skin.HasSetting(DisableNetflixHomeAlt)">Skin.ToggleSetting(DisableNetflixHomeDefault)</onclick>
                            <onclick condition="!Skin.HasSetting(DisableAuraHomeLayout)">Skin.ToggleSetting(DisableNetflixHomeDefault)</onclick>
                            <onclick condition="Skin.HasSetting(DisableNetflixHomeMixed)">Skin.ToggleSetting(DisableNetflixHomeDefault)</onclick>

                            <onclick condition="!Skin.HasSetting(DisableNetflixHome)">Skin.ToggleSetting(DisableNetflixHome)</onclick>
                            <onclick condition="!Skin.HasSetting(DisableAuraHomeLayout)">Skin.ToggleSetting(DisableAuraHomeLayout)</onclick>
                            <onclick condition="Skin.HasSetting(DisableNetflixHomeAlt)">Skin.ToggleSetting(DisableNetflixHomeAlt)</onclick>
                            <onclick condition="Skin.HasSetting(DisableNetflixHomeMixed)">Skin.ToggleSetting(DisableNetflixHomeMixed)</onclick>

                            <onclick condition="!Skin.HasSetting(HideSubmenuWidget)">Skin.ToggleSetting(HideSubmenuWidget)</onclick> 

                            <onclick condition="Skin.HasSetting(DisableWidgetPlot)">Skin.ToggleSetting(DisableWidgetPlot)</onclick>

                            <onclick condition="Skin.HasSetting(DisableNetflixView)">Skin.ToggleSetting(DisableNetflixView)</onclick>
                            <onclick condition="Skin.HasSetting(DisableNetflixVideoInfo)">Skin.ToggleSetting(DisableNetflixVideoInfo)</onclick>
                            <onclick condition="Skin.HasSetting(DisableNetflixSubmenuBG)">Skin.ToggleSetting(DisableNetflixSubmenuBG)</onclick>
		            <onclick condition="!Skin.HasSetting(SubmenuLabel)">Skin.ToggleSetting(SubmenuLabel)</onclick>
		            <onclick condition="!Skin.HasSetting(DisableNetflixVertLabel)">Skin.ToggleSetting(DisableNetflixVertLabel)</onclick>
                            <onfocus>SetProperty(Image_Preview,special://skin/extras/backgrounds/viewmodes/netflixdefault.jpg)</onfocus>
                            <onclick>ReloadSkin()</onclick>
                        </control>
                        <control type="radiobutton" id="9003" description="Enable Alternative Home  Spotlight">
                            <include>Dialog_Standard_ListButton</include>
	                    <radioposx>630</radioposx>
                            <label>$LOCALIZE[31438]</label>
                            <selected>Skin.HasSetting(DisableNetflixHomeAlt)</selected>
                            <onclick condition="Skin.HasSetting(DisableNetflixHomeDefault)">Skin.ToggleSetting(DisableNetflixHomeAlt)</onclick>
                            <onclick condition="!Skin.HasSetting(DisableAuraHomeLayout)">Skin.ToggleSetting(DisableNetflixHomeAlt)</onclick>
                            <onclick condition="Skin.HasSetting(DisableNetflixHomeMixed)">Skin.ToggleSetting(DisableNetflixHomeAlt)</onclick>

                            <onclick condition="!Skin.HasSetting(DisableNetflixHome)">Skin.ToggleSetting(DisableNetflixHome)</onclick>
                            <onclick condition="!Skin.HasSetting(DisableAuraHomeLayout)">Skin.ToggleSetting(DisableAuraHomeLayout)</onclick>
                            <onclick condition="Skin.HasSetting(DisableNetflixHomeDefault)">Skin.ToggleSetting(DisableNetflixHomeDefault)</onclick>
                            <onclick condition="Skin.HasSetting(DisableNetflixHomeMixed)">Skin.ToggleSetting(DisableNetflixHomeMixed)</onclick>

                            <onclick condition="!Skin.HasSetting(HideSubmenuWidget)">Skin.ToggleSetting(HideSubmenuWidget)</onclick> 

                            <onclick condition="Skin.HasSetting(DisableWidgetPlot)">Skin.ToggleSetting(DisableWidgetPlot)</onclick>

                            <onclick condition="Skin.HasSetting(DisableNetflixView)">Skin.ToggleSetting(DisableNetflixView)</onclick>
                            <onclick condition="Skin.HasSetting(DisableNetflixVideoInfo)">Skin.ToggleSetting(DisableNetflixVideoInfo)</onclick>
                            <onclick condition="!Skin.HasSetting(DisableNetflixSubmenuBG)">Skin.ToggleSetting(DisableNetflixSubmenuBG)</onclick>
                            <onclick condition="!Skin.HasSetting(SubmenuLabel)">Skin.ToggleSetting(SubmenuLabel)</onclick>
                            <onclick condition="!Skin.HasSetting(DisableNetflixVertLabel)">Skin.ToggleSetting(DisableNetflixVertLabel)</onclick>
                            <onclick>ReloadSkin()</onclick>
	                    <onfocus>SetProperty(Image_Preview,special://skin/extras/backgrounds/viewmodes/netflixalt.jpg)</onfocus>
                        </control>
                        <control type="radiobutton" id="9004" description="Enable Mixed Netflix Home  Spotlight">
                            <include>Dialog_Standard_ListButton</include>
                            <radioposx>630</radioposx>
                            <label>$LOCALIZE[31440]</label>
                            <selected>Skin.HasSetting(DisableNetflixHomeMixed)</selected>
                            <onclick condition="Skin.HasSetting(DisableNetflixHomeAlt)">Skin.ToggleSetting(DisableNetflixHomeMixed)</onclick>
                            <onclick condition="!Skin.HasSetting(DisableAuraHomeLayout)">Skin.ToggleSetting(DisableNetflixHomeMixed)</onclick>
                            <onclick condition="Skin.HasSetting(DisableNetflixHomeDefault)">Skin.ToggleSetting(DisableNetflixHomeMixed)</onclick>

                            <onclick condition="!Skin.HasSetting(DisableNetflixHome)">Skin.ToggleSetting(DisableNetflixHome)</onclick>
                            <onclick condition="!Skin.HasSetting(DisableAuraHomeLayout)">Skin.ToggleSetting(DisableAuraHomeLayout)</onclick>
                            <onclick condition="Skin.HasSetting(DisableNetflixHomeAlt)">Skin.ToggleSetting(DisableNetflixHomeAlt)</onclick>
                            <onclick condition="Skin.HasSetting(DisableNetflixHomeDefault)">Skin.ToggleSetting(DisableNetflixHomeDefault)</onclick>

                            <onclick condition="!Skin.HasSetting(HideSubmenuWidget)">Skin.ToggleSetting(HideSubmenuWidget)</onclick> 

                            <onclick condition="Skin.HasSetting(DisableWidgetPlot)">Skin.ToggleSetting(DisableWidgetPlot)</onclick>

                            <onclick condition="Skin.HasSetting(DisableNetflixVideoInfo)">Skin.ToggleSetting(DisableNetflixVideoInfo)</onclick>
                            <onclick condition="Skin.HasSetting(DisableNetflixView)">Skin.ToggleSetting(DisableNetflixView)</onclick>
                            <onclick condition="Skin.HasSetting(DisableNetflixSubmenuBG)">Skin.ToggleSetting(DisableNetflixSubmenuBG)</onclick>
                          <onclick condition="!Skin.HasSetting(SubmenuLabel)">Skin.ToggleSetting(SubmenuLabel)</onclick>
                            <onclick condition="!Skin.HasSetting(DisableNetflixVertLabel)">Skin.ToggleSetting(DisableNetflixVertLabel)</onclick>
                            <onclick>ReloadSkin()</onclick>
	                    <onfocus>SetProperty(Image_Preview,special://skin/extras/backgrounds/viewmodes/netflix-mixed/netflixmixed1.gif)</onfocus>
                        </control>
           </control>
        </control>
    </controls>
</window>
