<?xml version="1.0" encoding="utf-8"?>
<window type="window" id="3920">
  <defaultcontrol>5050</defaultcontrol>
  <onload condition="String.IsEmpty(Skin.String(MovieHubMenuFocus))">SetFocus(5055)</onload>
  <onload condition="!String.IsEmpty(Skin.String(MovieHubMenuFocus))">SetFocus(401,3,absolute)</onload>
  <onunload>ClearProperty(SkinHelper.WidgetContainer,Home)</onunload>
  <controls>
    <include>Global_Background</include>
    <include condition="Skin.HasSetting(DisableSubMenuVert)">Home_MovieHubMenu_Layout</include>
   <control type="group">
    <animation effect="slide" end="0,-40" time="0" condition="Skin.HasSetting(AuraHubSpacingSmall)">Conditional</animation>
    <control type="group">
    <right>-50</right>
    <include>Logo</include>
    <visible>!Window.IsVisible(busydialog)</visible>
    </control>
   <control type="label">
   <animation effect="slide" end="270,0" time="500" condition="Control.HasFocus(401)">Conditional</animation>
   <top>65</top>
   <left>60</left>
   <width>400</width>
   <height>35</height>
   <font>font_heading_small</font>
   <textcolor>white</textcolor>
   <label>[B]Movie AuraHub[/B]</label>
   </control>
   </control>
    <control type="button" id="5051">
     <centerleft>50%</centerleft>
     <centertop>50%</centertop>
     <width>700</width>
     <height>60</height>
     <label>Hub is Empty - Click to Add Items</label>
     <textcolor>white</textcolor>
     <focusedcolor>White</focusedcolor>
     <texturefocus colordiffuse="$VAR[ColorHighlight]" border="16">common/white.png</texturefocus>
     <onclick>RunScript(script.skinshortcuts,type=manage&amp;group=aurahubmovies)</onclick>
     <visible>!Integer.IsGreater(Container(5055).NumItems,0) + !Container(5055).IsUpating</visible>
    </control>
    <control type="button" id="5555">
     <onright>5055</onright>
     <onfocus>SetFocus(5055)</onfocus>
    </control>
    <control type="button" id="5050">
     <onfocus condition="!Integer.IsGreater(Container(5055).NumItems,0) + !Container(5055).IsUpating">SetFocus(5051)</onfocus>
     <onfocus condition="Integer.IsGreater(Container(5055).NumItems,0) | [!Integer.IsGreater(Container(5055).NumItems,0) + Container(5055).IsUpating]">SetFocus(5055)]</onfocus>
    </control> 
   <control type="grouplist" id="5055">
        <include>Animation_Right</include>
        <animation effect="slide" end="270,0" time="500" condition="Control.HasFocus(401)">Conditional</animation>
        <include condition="Skin.HasSetting(AuraHubSpacingSmall)">AuraHub_Small_top</include>
        <include condition="!Skin.HasSetting(AuraHubSpacingSmall)">AuraHub_top</include>
        <include condition="Skin.HasSetting(AuraHubSpacingSmall)">AuraHub_Small_height</include>
        <include condition="!Skin.HasSetting(AuraHubSpacingSmall)">AuraHub_height</include>
        <width>1920</width>
        <left>50</left>
        <scrolltime tween="sine">700</scrolltime>
        <orientation>vertical</orientation>
        <usecontrolcoords>true</usecontrolcoords>
        <onback>Skin.Reset(MovieHubMenuFocus)</onback>
        <onback>ActivateWindow(Home)</onback>
        <onleft condition="Skin.HasSetting(DisableSubMenuVert)">SetFocus(401,3)</onleft>
        <include>skinshortcuts-template-aurahubmovies</include>
    </control>

  </controls>
</window>
