<?xml version="1.0" encoding="UTF-8"?>
<window id="2003">
    <defaultcontrol always="true">9005</defaultcontrol>
    <onload condition="Skin.HasSetting(ForceExtendedInfo) + System.HasAddon(script.extendedinfo) + [Container.Content(movies) | Container.Content(tvshows) | Container.Content(seasons) | Container.Content(episodes)]">Action(close)</onload>
    <onload condition="![Container.Content(movies) | Container.Content(tvshows) | Container.Content(seasons) | Container.Content(episodes)]">Action(close)</onload>
    <onload condition="![Container.Content(movies) | Container.Content(tvshows) | Container.Content(seasons) | Container.Content(episodes)]">ActivateWindow(10025,$ESCINFO[ListItem.FileNameAndPath],return)</onload>
    <onload condition="Skin.HasSetting(ForceExtendedInfo) + System.HasAddon(script.extendedinfo) + Container.Content(movies) + Skin.String(ListItem.IMDBNumber)">RunScript(script.extendedinfo,info=extendedinfo,dbid=$INFO[ListItem.DBID],imdb_id=$INFO[ListItem.IMDBNumber],name=$INFO[ListItem.Title])</onload>
    <onload condition="Skin.HasSetting(ForceExtendedInfo) + System.HasAddon(script.extendedinfo) + Container.Content(movies) + !Skin.String(ListItem.IMDBNumber)">RunScript(script.extendedinfo,info=extendedinfo,dbid=$INFO[ListItem.DBID],name=$INFO[ListItem.Title])</onload>
    <onload condition="Skin.HasSetting(ForceExtendedInfo) + System.HasAddon(script.extendedinfo) + Container.Content(tvshows) + Skin.String(ListItem.IMDBNumber)">RunScript(script.extendedinfo,info=extendedtvinfo,dbid=$INFO[ListItem.DBID],tvdb_id=$INFO[ListItem.IMDBNumber],name=$INFO[ListItem.TVShowTitle])</onload>
    <onload condition="Skin.HasSetting(ForceExtendedInfo) + System.HasAddon(script.extendedinfo) + Container.Content(tvshows) + !Skin.String(ListItem.IMDBNumber)">RunScript(script.extendedinfo,info=extendedtvinfo,dbid=$INFO[ListItem.DBID],name=$INFO[ListItem.TVShowTitle])</onload>
    <onload condition="Skin.HasSetting(ForceExtendedInfo) + System.HasAddon(script.extendedinfo) + Container.Content(seasons)">RunScript(script.extendedinfo,info=seasoninfo,tvshow=$INFO[ListItem.TVShowTitle],dbid=$INFO[ListItem.DBID],season=$INFO[ListItem.Season])</onload>
    <onload condition="Skin.HasSetting(ForceExtendedInfo) + System.HasAddon(script.extendedinfo) + Container.Content(episodes)">RunScript(script.extendedinfo,info=extendedepisodeinfo,tvshow=$INFO[ListItem.TVShowTitle],dbid=$INFO[ListItem.DBID],episode=$INFO[ListItem.Episode],season=$INFO[ListItem.Season])</onload>

    <onload>ClearProperty(TrailerPlaying,Home)</onload>
    <onunload>ClearProperty(TrailerPlaying,Home)</onunload>
    <controls>

	<control type="button" id="9005">
	 <visible allowhiddenfocus="true">false</visible>
            <onfocus condition="!Skin.HasSetting(UseExtendedInfoDialog)">SetFocus(8000)</onfocus>
	</control>
    <include condition="Skin.HasSetting(DisableNetflixVideoInfo)">DialogVideoInfo_Aura</include>
    <include condition="!Skin.HasSetting(DisableNetflixVideoInfo)">DialogVideoInfo_Netflix</include>

    </controls>

</window>


