<?xml version="1.0" encoding="UTF-8"?>
<includes>
    <include name="View_Posters">
        <definition>
            <include condition="!Skin.HasSetting(DisableViewMode.PosterWall) + [Window.IsVisible(MyPrograms.xml) | Window.IsVisible(MyVideoNav.xml)]">View_Posters_Wall</include>
            <include condition="!Skin.HasSetting(DisableViewMode.LandscapeWall) + [Window.IsVisible(MyPrograms.xml) | Window.IsVisible(MyVideoNav.xml) | Window.IsVisible(MyMusicNav.xml) | Window.IsVisible(MyPics.xml)]">View_Posters_LandscapeWall</include>
            <include condition="Window.IsVisible(MyPrograms.xml) | Window.IsVisible(MyVideoNav.xml) | Window.IsVisible(MyMusicNav.xml) | Window.IsVisible(MyPics.xml) | Window.IsVisible(MyPrograms.xml) | Window.IsVisible(AddonBrowser.xml)">View_Posters_SquareWall</include>
            <include condition="!Skin.HasSetting(DisableViewMode.BannerWall) + [Window.IsVisible(MyPrograms.xml) | Window.IsVisible(MyVideoNav.xml)]">View_Posters_BannerWall</include>
            <include condition="!Skin.HasSetting(DisableViewMode.PosterShowcase) + [Window.IsVisible(MyPrograms.xml) | Window.IsVisible(MyVideoNav.xml)]">View_Posters_Showcase</include>
            <include condition="!Skin.HasSetting(DisableViewMode.LandscapeShowcase) + [Window.IsVisible(MyPrograms.xml) | Window.IsVisible(MyVideoNav.xml) | Window.IsVisible(MyMusicNav.xml)]">View_Posters_LandscapeShowcase</include>
            <include condition="!Skin.HasSetting(DisableViewMode.SquareShowcase) + [Window.IsVisible(MyMusicNav.xml) | Window.IsVisible(MyPrograms.xml)]">View_Posters_SquareShowcase</include>
            <include condition="!Skin.HasSetting(DisableViewMode.BigPosters) + [Window.IsVisible(MyPrograms.xml) | Window.IsVisible(MyVideoNav.xml)]">View_Posters_BigPosters</include>
            <include condition="!Skin.HasSetting(DisableViewMode.Lovefilm) + [Window.IsVisible(MyPrograms.xml) | Window.IsVisible(MyVideoNav.xml) | Window.IsVisible(MyMusicNav.xml)]">View_Posters_Lovefilm</include>
            <include condition="!Skin.HasSetting(DisableViewMode.EpisodeList) + [Window.IsVisible(MyVideoNav.xml) | Window.IsVisible(MyMusicNav.xml)]">View_Posters_EpisodeList</include>
        </definition>
    </include>
    
    <include name="View_Posters_Wall">
        <control type="group">
            <visible>Control.IsVisible(51)</visible>
            <control type="group">
                <include>View_Pad</include>
                <control type="panel" id="51">
                    <left>-70</left>
                    <right>-10</right>
                    <bottom>-10</bottom>
                    <top>-10</top>
                    <visible>Container.Content(movies) | Container.Content(sets) | Container.Content(tvshows) | Container.Content(seasons) | Container.Content(actors) | $EXP[Exp_IsPluginAdvancedLauncher]</visible>
                    <pagecontrol>60</pagecontrol>
                    <include>View_NotTheseWindows</include>
                    <viewtype label="$LOCALIZE[31358]">icon</viewtype>
                    <include content="View_Forced">
                        <param name="string" value="$LOCALIZE[31358]" />
                    </include>
                    <include content="View_Posters_Layout">
                        <param name="id" value="51" />
                        <param name="orientation" value="vertical" />
                        <param name="posters" default="true" />
                    </include>
                </control>
            </control>
        </control>
    </include>

    <include name="View_Posters_LandscapeWall">
        <control type="group">
            <visible>Control.IsVisible(52)</visible>
            <control type="group">
                <include>View_Pad</include>
                <control type="panel" id="52">
                    <left>-70</left>
                    <right>-10</right>
                    <bottom>20</bottom>
                    <top>-10</top>
                    <visible>Container.Content(movies) | Container.Content(sets) | Container.Content(tvshows) | Container.Content(episodes) | Container.Content(videos) | Container.Content(artists) | Container.Content(images) | $EXP[Exp_IsPluginAdvancedLauncher]</visible>
                    <pagecontrol>60</pagecontrol>
                    <include>View_NotTheseWindows</include>
                    <viewtype label="$LOCALIZE[31359]">icon</viewtype>
                    <include content="View_Forced">
                        <param name="string" value="$LOCALIZE[31359]" />
                    </include>
                    <include content="View_Posters_Layout">
                        <param name="id" value="52" />
                        <param name="orientation" value="vertical" />
                        <param name="landscape_small" default="true" />
                    </include>
                </control>
            </control>
        </control>
    </include>

    <include name="View_Posters_SquareWall">
        <control type="group">
            <visible>Control.IsVisible(53)</visible>
            <control type="group">
                <include>View_Pad</include>
                <control type="panel" id="53">
                    <left>-70</left>
                    <right>-10</right>
                    <bottom>20</bottom>
                    <top>-10</top>
                    <pagecontrol>60</pagecontrol>
                    <visible>[!Container.Content(movies) + !Container.Content(tvshows) + !Container.Content(seasons) + !Container.Content(songs) + !Container.Content(videos) + !Container.Content(episodes) + !Container.Content(sets) + !Container.Content(actors) + !Container.Content(images)] | $EXP[Exp_IsPluginAdvancedLauncher]</visible>
                    <include>View_NotTheseWindows</include>
                    <viewtype label="$LOCALIZE[31360]">icon</viewtype>
                    <include content="View_Forced">
                        <param name="string" value="$LOCALIZE[31360]" />
                    </include>
                    <include content="View_Posters_Layout">
                        <param name="id" value="53" />
                        <param name="orientation" value="vertical" />
                        <param name="square_small" default="true" />
                    </include>
                </control>
            </control>
        </control>
        <control type="group">
            <visible>Control.IsVisible(503)</visible>
            <control type="group">
                <include>View_Pad</include>
                <control type="panel" id="503">
                    <left>-70</left>
                    <right>-10</right>
                    <bottom>-10</bottom>
                    <top>-10</top>
                    <pagecontrol>60</pagecontrol>
                    <visible>[!Container.Content(movies) + !Container.Content(tvshows) + !Container.Content(seasons) + !Container.Content(songs) + !Container.Content(videos) + !Container.Content(episodes) + !Container.Content(sets) + !Container.Content(actors) + !Container.Content(images)] | $EXP[Exp_IsPluginAdvancedLauncher]</visible>
                    <include>View_NotTheseWindows</include>
                    <viewtype label="$LOCALIZE[31397]">icon</viewtype>
                    <include content="View_Forced">
                        <param name="string" value="$LOCALIZE[31397]" />
                    </include>
                    <include content="View_Posters_Layout">
                        <param name="id" value="503" />
                        <param name="orientation" value="vertical" />
                        <param name="square" default="true" />
                    </include>
                </control>
            </control>
        </control>
    </include>

    <include name="View_Posters_BannerWall">
        <control type="group">
            <visible>Control.IsVisible(54)</visible>
            <control type="group">
                <include>View_Pad</include>
                <control type="panel" id="54">
                    <left>-70</left>
                    <right>-10</right>
                    <bottom>50</bottom>
                    <top>-10</top>
                    <visible>Container.Content(tvshows) | Container.Content(movies) | Container.Content(sets)</visible>
                    <pagecontrol>60</pagecontrol>
                    <include>View_NotTheseWindows</include>
                    <viewtype label="$LOCALIZE[31370]">icon</viewtype>
                    <include content="View_Forced">
                        <param name="string" value="$LOCALIZE[31370]" />
                    </include>
                    <include content="View_Posters_Layout">
                        <param name="id" value="54" />
                        <param name="orientation" value="vertical" />
                        <param name="banner" default="true" />
                    </include>
                </control>
            </control>
        </control>
    </include>

    <include name="View_Posters_Showcase">
        <control type="group">
            <visible>Control.IsVisible(55)</visible>
            <control type="group">
		<include condition="Skin.HasSetting(DisableNetflixView)">View_Pad</include>
                <include condition="!Skin.HasSetting(DisableNetflixView)">View_Pad_Netflix</include>
                <control type="fixedlist" id="55">
                    <bottom>-55</bottom>
                    <right>-70</right>
                    <left>-70</left>
                    <height>500</height>
                    <height>poster_height</height>
                    <focusposition>0</focusposition>
                    <movement>6</movement>
                    <visible>Container.Content(movies) | Container.Content(sets) | Container.Content(tvshows) | Container.Content(seasons) | $EXP[Exp_IsPluginAdvancedLauncher]</visible>
                    <viewtype label="$LOCALIZE[31161]">showcase</viewtype>
                    <include>View_Movement_Vertical</include>
                    <pagecontrol>60</pagecontrol>
                    <onleft>55</onleft>
                    <onright>55</onright>
		    <include condition="!Skin.HasSetting(DisableNetflixView)">trailer_down</include>
                   <include content="View_Forced">
                        <param name="string" value="$LOCALIZE[31161]" />
                    </include>
                    <include>View_NotTheseWindows</include>
                    <include content="View_Posters_Layout">
                        <param name="id" value="55" />
                        <param name="orientation" value="horizontal" />
                        <param name="posters" default="true" />
                    </include>
                </control>
                <include content="Object_Info" condition="Skin.HasSetting(DisableNetflixView)">
                    <param name="id" value="55" />
                    <param name="width" value="1654" />
                    <param name="discart" value="true" />
                    <param name="hdsd_flag" value="true" />
                    <param name="plot_height" value="170" />
                </include>
                <include content="Object_Info_Netflix" condition="!Skin.HasSetting(DisableNetflixView)">
                    <param name="id" value="55" />
                    <param name="width" value="1654" />
                    <param name="discart" value="true" />
                    <param name="hdsd_flag" value="true" />
                    <param name="plot_height" value="170" />
                </include>
            </control>

        </control>
    </include>

    <include name="View_Posters_LandscapeShowcase">
        <control type="group">
            <visible>Control.IsVisible(56)</visible>
            <control type="group">
                <include condition="Skin.HasSetting(DisableNetflixView)">View_Pad</include>
                <include condition="!Skin.HasSetting(DisableNetflixView)">View_Pad_Netflix</include>
                <control type="fixedlist" id="56">
                    <bottom>-55</bottom>
                    <right>-70</right>
                    <left>-70</left>
                    <height>470</height>
                    <focusposition>0</focusposition>
                    <movement>2</movement>
                    <viewtype label="$LOCALIZE[31361]">showcase</viewtype>
                    <include>View_Movement_Vertical</include>
                    <pagecontrol>60</pagecontrol>
                    <onleft>56</onleft>
                    <onright>56</onright>
                    <include condition="!Skin.HasSetting(DisableNetflixView)">trailer_down</include>
                    <include content="View_Forced">
                        <param name="string" value="$LOCALIZE[31361]" />
                    </include>
                    <visible>Container.Content(movies) | Container.Content(sets) | Container.Content(tvshows) | Container.Content(episodes) | Container.Content(videos) | Container.Content(artists) | $EXP[Exp_IsPluginAdvancedLauncher]</visible>
                    <include>View_NotTheseWindows</include>
                    <include content="View_Posters_Layout">
                        <param name="id" value="56" />
                        <param name="orientation" value="horizontal" />
                        <param name="landscape" default="true" />
                    </include>
                </control>
                <include content="Object_Info" condition="Skin.HasSetting(DisableNetflixView)">
                    <param name="id" value="56" />
                    <param name="width" value="1654" />
                    <param name="discart" value="true" />
                    <param name="hdsd_flag" value="true" />
                    <param name="plot_height" value="170" />
                </include>
                <include content="Object_Info_Netflix" condition="!Skin.HasSetting(DisableNetflixView)">
                    <param name="id" value="56" />
                    <param name="width" value="1654" />
                    <param name="discart" value="true" />
                    <param name="hdsd_flag" value="true" />
                    <param name="plot_height" value="170" />
                </include>
            </control>

        </control>
    </include>

    <include name="View_Posters_SquareShowcase">
        <control type="group">
            <visible>Control.IsVisible(57)</visible>
            <control type="group">
                <include>View_Pad</include>
                <control type="fixedlist" id="57">
                    <bottom>-10</bottom>
                    <right>-70</right>
                    <left>-70</left>
                    <height>484</height>
                    <focusposition>0</focusposition>
                    <movement>4</movement>
                    <viewtype label="$LOCALIZE[31362]">showcase</viewtype>
                    <include>View_Movement_Vertical</include>
                    <pagecontrol>60</pagecontrol>
                    <onleft>57</onleft>
                    <onright>57</onright>
                    <include content="View_Forced">
                        <param name="string" value="$LOCALIZE[31362]" />
                    </include>
                    <visible>Container.Content(artists) | Container.Content(albums) | $EXP[Exp_IsPluginAdvancedLauncher]</visible>
                    <include>View_NotTheseWindows</include>
                    <include content="View_Posters_Layout">
                        <param name="id" value="57" />
                        <param name="orientation" value="horizontal" />
                        <param name="square" default="true" />
                    </include>
                </control>
                <include content="Object_Info">
                    <param name="id" value="57" />
                    <param name="width" value="1654" />
                    <param name="discart" value="true" />
                    <param name="hdsd_flag" value="true" />
                    <param name="plot_height" value="170" />
                </include>
            </control>

        </control>
    </include>

    <include name="View_Posters_BigPosters">
        <control type="group">
            <visible>Control.IsVisible(58)</visible>
            <control type="group">
                <include>View_Pad</include>
                <control type="wraplist" id="58">
                    <top>-10</top>
                    <height>920</height>
                    <right>-70</right>
                    <left>-70</left>
                    <preloaditems>2</preloaditems>
                    <height>poster_height</height>
                    <focusposition>0</focusposition>
                    <movement>0</movement>
                    <viewtype label="$LOCALIZE[31363]">icon</viewtype>
                    <include>View_Movement_Vertical</include>
                    <pagecontrol>60</pagecontrol>
                    <onleft>58</onleft>
                    <onright>58</onright>
                    <include content="View_Forced">
                        <param name="string" value="$LOCALIZE[31363]" />
                    </include>
                    <visible>Container.Content(movies) | Container.Content(sets) | Container.Content(tvshows) | Container.Content(seasons) | $EXP[Exp_IsPluginAdvancedLauncher]</visible>
                    <include>View_NotTheseWindows</include>
                    <include content="View_Posters_Layout">
                        <param name="id" value="58" />
                        <param name="orientation" value="horizontal" />
                        <param name="posters_big" default="true" />
                    </include>
                </control>
                <control type="group">
                    <control type="group">
                        <left>640</left>
                        <height>230</height>
                        <include content="Object_Info">
                            <param name="id" value="58" />
                            <param name="width" value="1654" />
                            <param name="discart" value="true" />
                            <param name="hdsd_flag" value="true" />
                            <param name="plot_height" value="0" />
                        </include>
                    </control>
                    <control type="group">
                        <left>640</left>
                        <right>-40</right>
                        <height>80</height>
                        <bottom>view_pad</bottom>
                        <visible>!Skin.HasSetting(DisableInfoRatings) | ![Container.Content(movies) | Container.Content(episodes)]</visible>
                        <include content="Object_Flags">
                            <param name="container" value="" />
                            <param name="directory" value="color" />
                            <param name="align" value="left" />
                        </include>
                    </control>
                    <control type="label">
                        <left>640</left>
                        <height>80</height>
                        <bottom>50</bottom>
                        <align>left</align>
                        <visible>Skin.HasSetting(DisableInfoRatings) + [Container.Content(movies) | Container.Content(episodes)]</visible>
                        <label fallback="19055">$VAR[Label_Tagline]</label>
                        <height>$PARAM[plot_height]</height>
                        <aligny>top</aligny>
                        <textcolor>main_fg_70</textcolor>
                        <font>font_plotbox</font>
                    </control>
                </control>
            </control>
            <include>View_Library_Poster</include>
        </control>
    </include>

    <include name="View_Posters_Lovefilm">
        <control type="group">
            <visible>Control.IsVisible(59)</visible>
            <control type="group">
                <left>view_pad</left>
                <right>view_pad</right>
                <top>view_pad</top>
                <bottom>view_pad</bottom>
                <include content="Defs_PosterBack">
                    <param name="pad" value="-10" />
                </include>
                <control type="wraplist" id="59">
                    <visible>Container.Content(movies) | Container.Content(sets) | Container.Content(tvshows) | Container.Content(artists) | $EXP[Exp_IsPluginAdvancedLauncher]</visible>
                    <include>View_NotTheseWindows</include>
                    <viewtype label="$LOCALIZE[31231]">icon</viewtype>
                    <include content="View_Forced">
                        <param name="string" value="$LOCALIZE[31231]" />
                    </include>
                    <orientation>horizontal</orientation>
                    <focusposition>0</focusposition>
                    <preloaditems>2</preloaditems>
                    <right>0</right>
                    <left>0</left>
                    <top>0</top>
                    <bottom>0</bottom>
                    <onup>300</onup>
                    <ondown condition="Control.IsVisible(8000)">8000</ondown>
                    <ondown condition="!Control.IsVisible(8000)">300</ondown>
                    <pagecontrol>60</pagecontrol>
                    <scrolltime tween="cubic">400</scrolltime>
                    <itemlayout width="1800" height="900">
                        <control type="image">
                            <aspectratio scalediffuse="false">center</aspectratio>
                            <texture background="true" diffuse="diffuse/lovefilm.png">$INFO[ListItem.ActualIcon]</texture>
                            <visible>String.IsEmpty(ListItem.Art(fanart))</visible>
                        </control>
                        <control type="image">
                            <aspectratio scalediffuse="false">scale</aspectratio>
                            <texture background="true" diffuse="diffuse/lovefilm.png">$INFO[ListItem.Art(fanart)]</texture>
                        </control>
                        <include content="Defs_PictureBack">
                            <param name="pad" value="-10" />
                            <param name="diffuse" value="diffuse/lovefilm.png" />
                            <param name="showtext" value="false" />
                            <param name="colordiffuse" value="ffffffff" />
                            <param name="visible" value="String.IsEmpty(ListItem.Art(fanart))" />
                        </include>
                    </itemlayout>
                    <focusedlayout width="1800" height="900">
                        <control type="image">
                            <aspectratio scalediffuse="false">center</aspectratio>
                            <texture background="true" diffuse="diffuse/lovefilm.png">$INFO[ListItem.ActualIcon]</texture>
                            <visible>String.IsEmpty(ListItem.Art(fanart))</visible>
                        </control>
                        <control type="image">
                            <aspectratio scalediffuse="false">scale</aspectratio>
                            <texture background="true" diffuse="diffuse/lovefilm.png">$INFO[ListItem.Art(fanart)]</texture>
                        </control>
                        <include content="Defs_PictureBack">
                            <param name="pad" value="-10" />
                            <param name="diffuse" value="diffuse/lovefilm.png" />
                            <param name="showtext" value="false" />
                            <param name="colordiffuse" value="ffffffff" />
                            <param name="visible" value="String.IsEmpty(ListItem.Art(fanart))" />
                        </include>
                    </focusedlayout>
                </control>
                <control type="group">
                    <height>205</height>
                    <bottom>0</bottom>
                    <control type="image">
                        <top>-300</top>
                        <aspectratio scalediffuse="false">stretch</aspectratio>
                        <texture diffuse="diffuse/lovefilm.png">common/gradient-dim.png</texture>
                    </control>
                    <control type="group">
                        <left>40</left>
                        <right>40</right>
                        <bottom>30</bottom>
                        <include content="Object_Info">
                            <param name="plot_height" value="300" />
                            <param name="id" value="59" />
                            <param name="width" value="1068" />
                            <param name="discart" value="false" />
                            <param name="hdsd_flag" value="true" />
                        </include>
                    </control>
                </control>
                <control type="group">
                    <left>-10</left>
                    <right>-10</right>
                    <bottom>-10</bottom>
                    <top>-10</top>
                    <include>View_WatchedOverlay</include>
                </control>
                <control type="image">
                    <texture colordiffuse="PixelLines" border="20">common/outline.png</texture>
                </control>
                <control type="group">
                    <left>-10</left>
                    <right>-10</right>
                    <bottom>-10</bottom>
                    <top>-10</top>
                    <visible>Control.HasFocus(59)</visible>
                    <include>View_Selectbox</include>
                </control>
            </control>
        </control>
    </include>

    <include name="View_Posters_EpisodeList">
        <control type="group">
            <visible>Control.IsVisible(502)</visible>
            <control type="group">
                <include condition="Skin.HasSetting(DisableNetflixView)">View_Pad</include>
		    <include condition="!Skin.HasSetting(DisableNetflixView)">Object_Episodes_Info</include>
                <control type="fixedlist" id="502">
                    <left>-70</left>
                    <right>-10</right>
                    <bottom>40</bottom>
                    <top>-10</top>
                    <visible>Container.Content(seasons) | Container.Content(movies) | Container.Content(sets) | Container.Content(tvshows) | Container.Content(episodes) | Container.Content(videos) | Container.Content(artists)</visible>
                    <pagecontrol>60</pagecontrol>
                    <focusposition>1</focusposition>
                    <movement>1</movement>
                    <include>View_NotTheseWindows</include>
                    <viewtype label="$LOCALIZE[31385]">icon</viewtype>
                    <include content="View_Forced">
                        <param name="string" value="$LOCALIZE[31385]" />
                    </include>
                    <include content="View_Posters_Layout" condition="Skin.HasSetting(DisableNetflixView)">
                        <param name="id" value="502" />
                        <param name="orientation" value="vertical" />
                        <param name="episode_list" default="true" />
                    </include>
                    <include content="View_Posters_Layout" condition="!Skin.HasSetting(DisableNetflixView)">
                        <param name="id" value="502" />
                        <param name="orientation" value="vertical" />
                        <param name="episode_list_netflix" default="true" />
                    </include>
                </control>
            </control>
        </control>
    </include>

    <include name="View_Posters_Layout">
        <param name="id" default="51" />
        <param name="setfanart" default="false" />
        <param name="orientation" default="vertical" />
        <param name="top_offset" default="0" />
        <param name="bottom_offset" default="0" />
        <param name="posters" default="false" />
        <param name="posters_big" default="false" />
        <param name="square" default="false" />
        <param name="square_small" default="false" />
        <param name="landscape" default="false" />
        <param name="landscape_small" default="false" />
        <param name="episode_list" default="false" />
        <param name="episode_list_netflix" default="false" />
        <param name="banner" default="false" />
        <param name="submenu" default="false" />
        <param name="text" default="true" />
        <definition>
            <focusposition>3</focusposition>
            <movement>3</movement>
            <orientation>$PARAM[orientation]</orientation>
            <include>View_Movement_Horizontal</include>
            <preloaditems>2</preloaditems>
            <scrolltime tween="quadratic">400</scrolltime>
            <itemlayout width="260" height="480" condition="$PARAM[posters]">
                <control type="group">
                    <left>view_pad</left>
                    <right>-view_pad</right>
                    <top>$PARAM[top_offset]</top>
                    <bottom>$PARAM[bottom_offset]</bottom>
                    <control type="group">
                        <height>380</height>
                        <include>View_Posters_Itemlayout_Artwork</include>
                    </control>
                    <include condition="$PARAM[text] + !Skin.HasSetting(DisableViewText)">View_Posters_Text</include>
                </control>
            </itemlayout>
            <focusedlayout width="260" height="480" condition="$PARAM[posters]">
                <control type="group">
                    <top>$PARAM[top_offset]</top>
                    <bottom>$PARAM[bottom_offset]</bottom>
                    <left>view_pad</left>
                    <right>-view_pad</right>
                    <include>Animation_FocusBounce</include>
                    <control type="group">
                        <height>380</height>
                        <include>View_Posters_Focusedlayout_Artwork</include>
                        <!-- Highlight -->
                        <control type="group">
                            <visible>Control.HasFocus($PARAM[id])</visible>
                            <include>View_Selectbox</include>
                        </control>
                    </control>
                    <include condition="$PARAM[text] + !Skin.HasSetting(DisableViewText)">View_Posters_Text</include>
                </control>
            </focusedlayout>
            <itemlayout width="400" condition="$PARAM[posters_big]">
                <control type="group">
                    <left>view_pad</left>
                    <right>-view_pad</right>
                    <top>$PARAM[top_offset]</top>
                    <bottom>$PARAM[bottom_offset]</bottom>
                    <control type="group">
                        <top>265</top>
                        <height>560</height>
                        <width>380</width>
                        <include>View_Posters_Itemlayout_Artwork</include>
                    </control>
                </control>
            </itemlayout>
            <focusedlayout width="640" condition="$PARAM[posters_big]">
                <control type="group">
                    <left>view_pad</left>
                    <right>-view_pad</right>
                    <top>$PARAM[top_offset]</top>
                    <bottom>$PARAM[bottom_offset]</bottom>
                    <control type="group">
                        <top>265</top>
                        <height>560</height>
                        <width>380</width>
                        <include>View_Posters_Itemlayout_Artwork</include>
                        <visible>Container.OnPrevious</visible>
                        <animation effect="fade" reversible="false" start="100" end="0" delay="200" time="200">Hidden</animation>
                    </control>
                    <control type="group">
                        <right>20</right>
                        <top>265</top>
                        <height>560</height>
                        <width>380</width>
                        <include>View_Posters_Itemlayout_Artwork</include>
                        <visible>Container.OnNext</visible>
                        <animation effect="fade" reversible="false" start="100" end="0" delay="200" time="200">Hidden</animation>
                    </control>
                </control>
            </focusedlayout>
            <itemlayout width="606.66" height="480" condition="$PARAM[landscape]">
                <control type="group">
                    <left>view_pad</left>
                    <right>-view_pad</right>
                    <top>$PARAM[top_offset]</top>
                    <bottom>$PARAM[bottom_offset]</bottom>
                    <control type="group">
                        <height>350</height>
                        <include>View_Landscape_Artwork</include>
                    </control>
                    <include condition="$PARAM[text] + !Skin.HasSetting(DisableViewText)">View_Landscape_Text</include>
                </control>
            </itemlayout>
            <focusedlayout width="606.66" height="480" condition="$PARAM[landscape]">
                <control type="group">
                    <top>$PARAM[top_offset]</top>
                    <bottom>$PARAM[bottom_offset]</bottom>
                    <left>view_pad</left>
                    <right>-view_pad</right>
                    <include>Animation_FocusBounce</include>
                    <control type="group">
                        <height>350</height>
                        <include>View_Landscape_Artwork</include>
                        <!-- Highlight -->
                        <control type="group">
                            <visible>Control.HasFocus($PARAM[id])</visible>
                            <include>View_Selectbox</include>
                        </control>
                    </control>
                    <include condition="$PARAM[text] + !Skin.HasSetting(DisableViewText)">View_Landscape_Text</include>
                </control>
            </focusedlayout>
            <itemlayout width="455" height="315" condition="$PARAM[landscape_small]">
                <control type="group">
                    <left>view_pad</left>
                    <right>-view_pad</right>
                    <top>$PARAM[top_offset]</top>
                    <bottom>$PARAM[bottom_offset]</bottom>
                    <control type="group">
                        <height>264.69</height>
                        <include>View_Landscape_Artwork</include>
                    </control>
                    <control type="label">
                        <label>$INFO[ListItem.Label]</label>
                        <align>left</align>
                        <aligny>top</aligny>
                        <font>font_statusbar</font>
                        <textcolor>main_fg_100</textcolor>
                        <left>10</left>
                        <right>10</right>
                        <top>265</top>
                        <visible>!Skin.HasSetting(DisableViewText)</visible>
                    </control>
                    <control type="label">
                        <label>$INFO[ListItem.Label2]</label>
                        <align>right</align>
                        <aligny>top</aligny>
                        <font>font_statusbar</font>
                        <textcolor>main_fg_70</textcolor>
                        <left>10</left>
                        <right>10</right>
                        <top>265</top>
                        <visible>!Skin.HasSetting(DisableViewText)</visible>
                    </control>
                </control>
            </itemlayout>
            <focusedlayout width="455" height="315" condition="$PARAM[landscape_small]">
                <control type="group">
                    <top>$PARAM[top_offset]</top>
                    <bottom>$PARAM[bottom_offset]</bottom>
                    <left>view_pad</left>
                    <right>-view_pad</right>
                    <include>Animation_FocusBounce</include>
                    <control type="group">
                        <height>264.69</height>
                        <include>View_Landscape_Artwork</include>
                        <!-- Highlight -->
                        <control type="group">
                            <visible>Control.HasFocus($PARAM[id])</visible>
                            <include>View_Selectbox</include>
                        </control>
                    </control>
                    <control type="label">
                        <label>$INFO[ListItem.Label]</label>
                        <align>left</align>
                        <aligny>top</aligny>
                        <font>font_statusbar</font>
                        <textcolor>main_fg_100</textcolor>
                        <left>10</left>
                        <right>10</right>
                        <top>265</top>
                        <visible>!Skin.HasSetting(DisableViewText)</visible>
                    </control>
                    <control type="label">
                        <label>$INFO[ListItem.Label2]</label>
                        <align>right</align>
                        <aligny>top</aligny>
                        <font>font_statusbar</font>
                        <textcolor>main_fg_70</textcolor>
                        <left>10</left>
                        <right>10</right>
                        <top>265</top>
                        <visible>!Skin.HasSetting(DisableViewText)</visible>
                    </control>
                </control>
            </focusedlayout>
            <itemlayout width="1820" height="310" condition="$PARAM[episode_list_netflix]">
                <control type="group">
                    <left>550</left>
                    <top>$PARAM[top_offset]</top>
                    <bottom>$PARAM[bottom_offset]</bottom>
                    <control type="group">
                        <height>300</height>
                        <width>518</width>
                        <include>View_Landscape_Artwork</include>
                    </control>
                    <control type="group">
                        <height>300</height>
                        <left>538</left>
                        <visible>!ListItem.IsParentFolder</visible>
                        <control type="label">
                            <left>0</left>
                            <label>$INFO[ListItem.Label]</label>
                            <height>80</height>
                            <aligny>top</aligny>
                            <textcolor>main_fg_100</textcolor>
			    <shadowcolor>black</shadowcolor>
                            <font>font_medium_bold</font>
                        </control>
                        <control type="group">
                            <top>60</top>
                            <control type="image">
                                <left>0</left>
                                <top>10</top>
                                <width>37</width>
                                <height>24</height>
                                <texture colordiffuse="main_fg_100">$VAR[Image_HDSD]</texture>
                                <visible>Container.Content(movies) | Container.Content(episodes)</visible>
                            </control>
                            <control type="label">
                                <left>37</left>
                                <label>|</label>
                                <width>40</width>
                                <align>center</align>
                                <height>40</height>
                                <aligny>top</aligny>
                                <textcolor>$VAR[ColorHighlight]</textcolor>
                                <shadowcolor>black</shadowcolor>
                                <font>font_small</font>
                                <visible>Container.Content(movies) | Container.Content(episodes)</visible>
                            </control>
                            <control type="label">
                                <animation effect="slide" condition="![Container.Content(movies) | Container.Content(episodes)]" end="-73">Conditional</animation>
                                <left>73</left>
                                <width>auto</width>
                                <label>$VAR[Label_ShowCase_InfoLine]$INFO[ListItem.Rating,  |  [COLOR=main_fg_100],[/COLOR]]</label>
                                <height>40</height>
                                <aligny>top</aligny>
                                <textcolor>$VAR[ColorHighlight]</textcolor>
                                <font>font_small</font>
                            </control>
                        </control>
                        <control type="textbox">
                            <top>120</top>
                            <label fallback="19055">$VAR[Label_Plot]</label>
                            <bottom>10</bottom>
                            <aligny>top</aligny>
                            <textcolor>main_fg_70</textcolor>
                            <shadowcolor>black</shadowcolor>
                            <font>font_plotbox</font>
                            <autoscroll>false</autoscroll>
                        </control>
                    </control>
                </control>
            </itemlayout>
            <focusedlayout width="1820" height="310" condition="$PARAM[episode_list_netflix]">
                <control type="group">
                    <top>$PARAM[top_offset]</top>
                    <bottom>$PARAM[bottom_offset]</bottom>
                    <left>550</left>
                    <control type="group">
                        <include>Animation_FocusBounce_Small</include>
                        <height>300</height>
                        <width>518</width>
                        <include>View_Landscape_Artwork</include>
                        <!-- Highlight -->
                        <control type="group">
                            <visible>Control.HasFocus($PARAM[id])</visible>
                            <include>View_Selectbox</include>
                        </control>
                    </control>
                    <control type="group">
                        <height>300</height>
                        <left>538</left>
                        <visible>!ListItem.IsParentFolder</visible>
                        <control type="label">
                            <left>0</left>
                            <label>$INFO[ListItem.Label]</label>
                            <height>80</height>
                            <aligny>top</aligny>
                            <shadowcolor>black</shadowcolor>
                            <textcolor>main_fg_100</textcolor>
                            <font>font_medium_bold</font>
                        </control>
                        <control type="group">
                            <top>60</top>
                            <control type="image">
                                <left>0</left>
                                <top>10</top>
                                <width>37</width>
                                <height>24</height>
                                <texture colordiffuse="main_fg_100">$VAR[Image_HDSD]</texture>
                                <visible>Container.Content(movies) | Container.Content(episodes)</visible>
                            </control>
                            <control type="label">
                                <left>37</left>
                                <label>|</label>
                                <width>40</width>
                                <align>center</align>
                                <height>40</height>
                                <aligny>top</aligny>
                                <textcolor>$VAR[ColorHighlight]</textcolor>
                                <font>font_small</font>
                                <visible>Container.Content(movies) | Container.Content(episodes)</visible>
                            </control>
                            <control type="label">
                                <animation effect="slide" condition="![Container.Content(movies) | Container.Content(episodes)]" end="-73">Conditional</animation>
                                <left>73</left>
                                <width>100%</width>
                                <label>$VAR[Label_ShowCase_InfoLine]$INFO[ListItem.Rating,  |  [COLOR=main_fg_100],[/COLOR]]</label>
                                <height>40</height>
                                <aligny>top</aligny>
                                <textcolor>$VAR[ColorHighlight]</textcolor>
                                <font>font_small</font>
                            </control>
                        </control>
                        <control type="textbox">
                            <top>120</top>
                            <label fallback="19055">$VAR[Label_Plot]</label>
                            <bottom>10</bottom>
                            <aligny>top</aligny>
                            <shadowcolor>black</shadowcolor>
                            <textcolor>main_fg_70</textcolor>
                            <font>font_plotbox</font>
                        </control>
                    </control>
                </control>
            </focusedlayout>
            <itemlayout width="1820" height="310" condition="$PARAM[episode_list]">
                <control type="group">
                    <left>view_pad</left>
                    <right>-view_pad</right>
                    <top>$PARAM[top_offset]</top>
                    <bottom>$PARAM[bottom_offset]</bottom>
                    <control type="group">
                        <height>300</height>
                        <width>518</width>
                        <include>View_Landscape_Artwork</include>
                    </control>
                    <control type="group">
                        <height>300</height>
                        <left>538</left>
                        <visible>!ListItem.IsParentFolder</visible>
                        <control type="label">
                            <left>0</left>
                            <label>$INFO[ListItem.Label]</label>
                            <height>80</height>
                            <aligny>top</aligny>
                            <textcolor>main_fg_100</textcolor>
                            <font>font_showcase_title</font>
                        </control>
                        <control type="group">
                            <top>80</top>
                            <control type="image">
                                <left>0</left>
                                <top>10</top>
                                <width>37</width>
                                <height>24</height>
                                <texture colordiffuse="main_fg_100">$VAR[Image_HDSD]</texture>
                                <visible>Container.Content(movies) | Container.Content(episodes)</visible>
                            </control>
                            <control type="label">
                                <left>37</left>
                                <label>|</label>
                                <width>40</width>
                                <align>center</align>
                                <height>40</height>
                                <aligny>top</aligny>
                                <textcolor>$VAR[ColorHighlight]</textcolor>
                                <font>font_small</font>
                                <visible>Container.Content(movies) | Container.Content(episodes)</visible>
                            </control>
                            <control type="label">
                                <animation effect="slide" condition="![Container.Content(movies) | Container.Content(episodes)]" end="-73">Conditional</animation>
                                <left>73</left>
                                <width>auto</width>
                                <label>$VAR[Label_ShowCase_InfoLine]$INFO[ListItem.Rating,  |  [COLOR=main_fg_100],[/COLOR]]</label>
                                <height>40</height>
                                <aligny>top</aligny>
                                <textcolor>$VAR[ColorHighlight]</textcolor>
                                <font>font_small</font>
                            </control>
                        </control>
                        <control type="label">
                            <top>120</top>
                            <label>[CAPITALIZE]$INFO[ListItem.Genre][/CAPITALIZE]</label>
                            <height>80</height>
                            <aligny>center</aligny>
                            <textcolor>main_fg_100</textcolor>
                            <font>font_small</font>
                            <visible>!String.IsEmpty(ListItem.Genre)</visible>
                        </control>
                        <control type="textbox">
                            <top>195</top>
                            <label fallback="19055">$VAR[Label_Plot]</label>
                            <bottom>10</bottom>
                            <aligny>top</aligny>
                            <textcolor>main_fg_70</textcolor>
                            <font>font_plotbox</font>
                            <autoscroll>false</autoscroll>
                            <visible>!String.IsEmpty(ListItem.Genre)</visible>
                        </control>
                        <control type="textbox">
                            <top>120</top>
                            <label fallback="19055">$VAR[Label_Plot]</label>
                            <bottom>10</bottom>
                            <aligny>top</aligny>
                            <textcolor>main_fg_70</textcolor>
                            <font>font_plotbox</font>
                            <autoscroll>false</autoscroll>
                            <visible>String.IsEmpty(ListItem.Genre)</visible>
                        </control>
                    </control>
                </control>
            </itemlayout>
            <focusedlayout width="1820" height="310" condition="$PARAM[episode_list]">
                <control type="group">
                    <top>$PARAM[top_offset]</top>
                    <bottom>$PARAM[bottom_offset]</bottom>
                    <left>view_pad</left>
                    <right>-view_pad</right>
                    <control type="group">
                        <include>Animation_FocusBounce_Small</include>
                        <height>300</height>
                        <width>518</width>
                        <include>View_Landscape_Artwork</include>
                        <!-- Highlight -->
                        <control type="group">
                            <visible>Control.HasFocus($PARAM[id])</visible>
                            <include>View_Selectbox</include>
                        </control>
                    </control>
                    <control type="group">
                        <height>300</height>
                        <left>538</left>
                        <visible>!ListItem.IsParentFolder</visible>
                        <control type="label">
                            <left>0</left>
                            <label>$INFO[ListItem.Label]</label>
                            <height>80</height>
                            <aligny>top</aligny>
                            <textcolor>main_fg_100</textcolor>
                            <font>font_showcase_title</font>
                        </control>
                        <control type="group">
                            <top>80</top>
                            <control type="image">
                                <left>0</left>
                                <top>10</top>
                                <width>37</width>
                                <height>24</height>
                                <texture colordiffuse="main_fg_100">$VAR[Image_HDSD]</texture>
                                <visible>Container.Content(movies) | Container.Content(episodes)</visible>
                            </control>
                            <control type="label">
                                <left>37</left>
                                <label>|</label>
                                <width>40</width>
                                <align>center</align>
                                <height>40</height>
                                <aligny>top</aligny>
                                <textcolor>$VAR[ColorHighlight]</textcolor>
                                <font>font_small</font>
                                <visible>Container.Content(movies) | Container.Content(episodes)</visible>
                            </control>
                            <control type="label">
                                <animation effect="slide" condition="![Container.Content(movies) | Container.Content(episodes)]" end="-73">Conditional</animation>
                                <left>73</left>
                                <width>100%</width>
                                <label>$VAR[Label_ShowCase_InfoLine]$INFO[ListItem.Rating,  |  [COLOR=main_fg_100],[/COLOR]]</label>
                                <height>40</height>
                                <aligny>top</aligny>
                                <textcolor>$VAR[ColorHighlight]</textcolor>
                                <font>font_small</font>
                            </control>
                        </control>
                        <control type="label">
                            <top>120</top>
                            <label>[CAPITALIZE]$INFO[ListItem.Genre][/CAPITALIZE]</label>
                            <height>80</height>
                            <aligny>center</aligny>
                            <textcolor>main_fg_100</textcolor>
                            <font>font_small</font>
                            <visible>!String.IsEmpty(ListItem.Genre)</visible>
                        </control>
                        <control type="textbox">
                            <top>195</top>
                            <label fallback="19055">$VAR[Label_Plot]</label>
                            <bottom>10</bottom>
                            <aligny>top</aligny>
                            <textcolor>main_fg_70</textcolor>
                            <font>font_plotbox</font>
                            <visible>!String.IsEmpty(ListItem.Genre)</visible>
                        </control>
                        <control type="textbox">
                            <top>120</top>
                            <label fallback="19055">$VAR[Label_Plot]</label>
                            <bottom>10</bottom>
                            <aligny>top</aligny>
                            <textcolor>main_fg_70</textcolor>
                            <font>font_plotbox</font>
                            <visible>String.IsEmpty(ListItem.Genre)</visible>
                        </control>
                    </control>
                </control>
            </focusedlayout>
            <itemlayout width="910" height="230" condition="$PARAM[banner]">
                <control type="group">
                    <left>view_pad</left>
                    <right>-view_pad</right>
                    <top>$PARAM[top_offset]</top>
                    <bottom>$PARAM[bottom_offset]</bottom>
                    <control type="group">
                        <height>185</height>
                        <include>Defs_PosterBack</include>
                        <control type="image">
                            <bordersize>10</bordersize>
                            <aspectratio aligny="center" scalediffuse="false">scale</aspectratio>
                            <texture background="true" diffuse="diffuse/banner.png">$VAR[Image_Banner]</texture>
                        </control>
<!--                        <control type="image">
                            <bordersize>30</bordersize>
                            <aspectratio aligny="bottom" align="right" scalediffuse="false">keep</aspectratio>
                            <texture background="true" diffuse="diffuse/banner.png">$VAR[Image_ClearLogo]</texture>
                            <visible>String.IsEmpty(ListItem.Art(tvshow.banner)) + String.IsEmpty(ListItem.Art(banner))</visible>
                        </control> --> 
                        <include>Defs_PictureBack</include>
                        <include>View_WatchedOverlay</include>
                        <control type="image">
                            <bordersize>10</bordersize>
                            <texture colordiffuse="PixelLines" border="20">common/outline.png</texture>
                        </control>
                    </control>
                    <control type="label">
                        <label>$INFO[ListItem.Label]</label>
                        <align>left</align>
                        <aligny>top</aligny>
                        <font>font_statusbar</font>
                        <textcolor>main_fg_100</textcolor>
                        <left>10</left>
                        <right>10</right>
                        <top>185</top>
                        <visible>!Skin.HasSetting(DisableViewText)</visible>
                    </control>
                    <control type="label">
                        <label>$INFO[ListItem.Label2]</label>
                        <align>right</align>
                        <aligny>top</aligny>
                        <font>font_statusbar</font>
                        <textcolor>main_fg_70</textcolor>
                        <left>10</left>
                        <right>10</right>
                        <top>185</top>
                        <visible>!Skin.HasSetting(DisableViewText)</visible>
                    </control>
                </control>
            </itemlayout>
            <focusedlayout width="910" height="230" condition="$PARAM[banner]">
                <control type="group">
                    <top>$PARAM[top_offset]</top>
                    <bottom>$PARAM[bottom_offset]</bottom>
                    <left>view_pad</left>
                    <right>-view_pad</right>
                    <include>Animation_FocusBounce_Small</include>
                    <control type="group">
                        <height>185</height>
                        <include>Defs_PosterBack</include>
                        <control type="image">
                            <bordersize>10</bordersize>
                            <aspectratio aligny="center" scalediffuse="false">scale</aspectratio>
                            <texture background="true" diffuse="diffuse/banner.png">$VAR[Image_Banner]</texture>
                        </control>
<!--                        <control type="image">
                            <bordersize>30</bordersize>
                            <aspectratio aligny="bottom" align="right" scalediffuse="false">keep</aspectratio>
                            <texture background="true" diffuse="diffuse/banner.png">$VAR[Image_ClearLogo]</texture>
                            <visible>String.IsEmpty(ListItem.Art(tvshow.banner)) + String.IsEmpty(ListItem.Art(banner))</visible>
                        </control> -->
                        <include>Defs_PictureBack</include>
                        <include>View_WatchedOverlay</include>
                        <control type="image">
                            <bordersize>10</bordersize>
                            <texture colordiffuse="PixelLines" border="20">common/outline.png</texture>
                        </control>
                        <!-- Highlight -->
                        <control type="group">
                            <visible>Control.HasFocus($PARAM[id])</visible>
                            <include>View_Selectbox</include>
                        </control>
                    </control>
                    <control type="label">
                        <label>$INFO[ListItem.Label]</label>
                        <align>left</align>
                        <aligny>top</aligny>
                        <font>font_statusbar</font>
                        <textcolor>main_fg_100</textcolor>
                        <left>10</left>
                        <right>10</right>
                        <top>185</top>
                        <visible>!Skin.HasSetting(DisableViewText)</visible>
                    </control>
                    <control type="label">
                        <label>$INFO[ListItem.Label2]</label>
                        <align>right</align>
                        <aligny>top</aligny>
                        <font>font_statusbar</font>
                        <textcolor>main_fg_70</textcolor>
                        <left>10</left>
                        <right>10</right>
                        <top>185</top>
                        <visible>!Skin.HasSetting(DisableViewText)</visible>
                    </control>
                </control>
            </focusedlayout>
            <itemlayout width="364" height="480" condition="$PARAM[square]">
                <control type="group">
                    <left>view_pad</left>
                    <right>-view_pad</right>
                    <top>$PARAM[top_offset]</top>
                    <bottom>$PARAM[bottom_offset]</bottom>
                    <control type="group">
                        <height>364</height>
                        <include>View_Posters_Itemlayout_Artwork</include>
                    </control>
                    <include condition="$PARAM[text] + !Skin.HasSetting(DisableViewText)">View_Square_Text</include>
                </control>
            </itemlayout>
            <focusedlayout width="364" height="480" condition="$PARAM[square]">
                <control type="group">
                    <top>$PARAM[top_offset]</top>
                    <bottom>$PARAM[bottom_offset]</bottom>
                    <left>view_pad</left>
                    <right>-view_pad</right>
                    <include>Animation_FocusBounce</include>
                    <control type="group">
                        <height>364</height>
                        <include>View_Posters_Focusedlayout_Artwork</include>
                        <!-- Highlight -->
                        <control type="group">
                            <visible>Control.HasFocus($PARAM[id])</visible>
                            <include>View_Selectbox</include>
                        </control>
                    </control>
                    <include condition="$PARAM[text] + !Skin.HasSetting(DisableViewText)">View_Square_Text</include>
                </control>
            </focusedlayout>
            <itemlayout width="260" height="315" condition="$PARAM[square_small]">
                <control type="group">
                    <left>view_pad</left>
                    <right>-view_pad</right>
                    <top>$PARAM[top_offset]</top>
                    <bottom>$PARAM[bottom_offset]</bottom>
                    <control type="group">
                        <height>260</height>
                        <include>View_Posters_Itemlayout_Artwork</include>
                    </control>
                    <control type="label">
                        <label>$INFO[ListItem.Label]</label>
                        <align>center</align>
                        <aligny>top</aligny>
                        <font>font_statusbar</font>
                        <textcolor>main_fg_100</textcolor>
                        <left>10</left>
                        <right>10</right>
                        <bottom>20</bottom>
                        <height>30</height>
                        <visible>$PARAM[text]</visible>
                        <visible>!Skin.HasSetting(DisableViewText)</visible>
                    </control>
                </control>
            </itemlayout>
            <focusedlayout width="260" height="315" condition="$PARAM[square_small]">
                <control type="group">
                    <top>$PARAM[top_offset]</top>
                    <bottom>$PARAM[bottom_offset]</bottom>
                    <left>view_pad</left>
                    <right>-view_pad</right>
                    <include>Animation_FocusBounce</include>
                    <control type="group">
                        <height>260</height>
                        <include>View_Posters_Focusedlayout_Artwork</include>
                        <!-- Highlight -->
                        <control type="group">
                            <visible>Control.HasFocus($PARAM[id])</visible>
                            <include>View_Selectbox</include>
                        </control>
                    </control>
                    <control type="label">
                        <label>$INFO[ListItem.Label]</label>
                        <align>center</align>
                        <aligny>top</aligny>
                        <font>font_statusbar</font>
                        <textcolor>main_fg_100</textcolor>
                        <left>10</left>
                        <right>10</right>
                        <bottom>20</bottom>
                        <height>30</height>
                        <visible>$PARAM[text]</visible>
                        <visible>!Skin.HasSetting(DisableViewText)</visible>
                    </control>
                </control>
            </focusedlayout>
            <itemlayout width="130" height="130" condition="$PARAM[submenu]">
                <control type="group">
                    <left>view_pad</left>
                    <right>-view_pad</right>
                    <top>$PARAM[top_offset]</top>
                    <bottom>$PARAM[bottom_offset]</bottom>
                    <control type="group">
                        <include>Defs_PosterBack</include>
                        <control type="image">
                            <bordersize>10</bordersize>
                            <texture background="true" colordiffuse="main_fg_70">$INFO[ListItem.Icon]</texture>
                            <visible>String.Contains(ListItem.Icon,special://skin/extras/icons/)</visible>
                        </control>
                        <control type="image">
                            <bordersize>10</bordersize>
                            <texture background="true">$INFO[ListItem.Icon]</texture>
                            <visible>!String.Contains(ListItem.Icon,special://skin/extras/icons/)</visible>
                        </control>
                        <control type="image">
                            <bordersize>10</bordersize>
                            <texture colordiffuse="PixelLines" border="20">common/outline.png</texture>
                        </control>
                    </control>
                </control>
            </itemlayout>
            <focusedlayout width="130" height="130" condition="$PARAM[submenu]">
                <control type="group">
                    <left>view_pad</left>
                    <right>-view_pad</right>
                    <top>$PARAM[top_offset]</top>
                    <bottom>$PARAM[bottom_offset]</bottom>
                    <control type="group">
                        <visible>!Control.HasFocus($PARAM[id])</visible>
                        <include>Defs_PosterBack</include>
                        <control type="image">
                            <bordersize>10</bordersize>
                            <texture background="true" colordiffuse="main_fg_70">$INFO[ListItem.Icon]</texture>
                            <visible>String.Contains(ListItem.Icon,special://skin/extras/icons/)</visible>
                        </control>
                        <control type="image">
                            <bordersize>10</bordersize>
                            <texture background="true">$INFO[ListItem.Icon]</texture>
                            <visible>!String.Contains(ListItem.Icon,special://skin/extras/icons/)</visible>
                        </control>
                        <control type="image">
                            <bordersize>10</bordersize>
                            <texture colordiffuse="PixelLines" border="20">common/outline.png</texture>
                        </control>
                    </control>
                    <control type="group">
                        <visible>Control.HasFocus($PARAM[id])</visible>
                        <include>Defs_PosterBack</include>
                        <control type="image">
                            <bordersize>10</bordersize>
                            <texture background="true" colordiffuse="Selected">$INFO[ListItem.Icon]</texture>
                            <visible>String.Contains(ListItem.Icon,special://skin/extras/icons/)</visible>
                        </control>
                        <control type="image">
                            <bordersize>10</bordersize>
                            <texture background="true">$INFO[ListItem.Icon]</texture>
                            <visible>!String.Contains(ListItem.Icon,special://skin/extras/icons/)</visible>
                        </control>
                        <control type="image">
                            <bordersize>10</bordersize>
                            <texture colordiffuse="PixelLines" border="20">common/outline.png</texture>
                        </control>
                        <control type="group">
                            <include>View_Selectbox</include>
                        </control>
                    </control>
                </control>
            </focusedlayout>
        </definition>
    </include>

    <include name="View_Square_Text">
        <control type="label">
            <label>$INFO[ListItem.Label]</label>
            <align>center</align>
            <aligny>top</aligny>
            <font>font_statusbar</font>
            <textcolor>main_fg_100</textcolor>
            <left>10</left>
            <right>10</right>
            <top>369</top>
            <height>30</height>
        </control>
        <control type="label">
            <label>$INFO[ListItem.Label2]</label>
            <align>center</align>
            <aligny>top</aligny>
            <font>font_statusbar</font>
            <textcolor>main_fg_30</textcolor>
            <left>10</left>
            <right>10</right>
            <top>399</top>
            <height>30</height>
        </control>
    </include>

    <include name="View_GlobalSearch_Square_Text">
        <control type="label">
            <label>$INFO[ListItem.Label]</label>
            <align>center</align>
            <aligny>top</aligny>
            <font>font_statusbar</font>
            <textcolor>main_fg_100</textcolor>
            <left>10</left>
            <right>10</right>
            <top>369</top>
            <height>30</height>
        </control>
        <control type="label">
            <label>$INFO[ListItem.Artist]$INFO[ListItem.Duration, - ,]</label>
            <align>center</align>
            <aligny>top</aligny>
            <font>font_statusbar</font>
            <textcolor>main_fg_30</textcolor>
            <left>10</left>
            <right>10</right>
            <top>399</top>
            <height>30</height>
            <visible>!Container.Content(artists)</visible>
        </control>
    </include>

    <include name="View_Landscape_Text">
        <control type="label">
            <label>$INFO[ListItem.Label]</label>
            <align>left</align>
            <aligny>top</aligny>
            <font>font_statusbar</font>
            <textcolor>main_fg_100</textcolor>
            <left>10</left>
            <right>10</right>
            <top>355</top>
        </control>
        <control type="label">
            <label>$INFO[ListItem.Label2]</label>
            <align>right</align>
            <aligny>top</aligny>
            <font>font_statusbar</font>
            <textcolor>main_fg_70</textcolor>
            <left>10</left>
            <right>10</right>
            <top>355</top>
        </control>
        <control type="label">
            <label>$INFO[ListItem.Genre]</label>
            <align>left</align>
            <aligny>top</aligny>
            <font>font_statusbar</font>
            <textcolor>main_fg_30</textcolor>
            <left>10</left>
            <right>10</right>
            <top>385</top>
        </control>
        <control type="label">
            <label>$INFO[ListItem.Premiered]</label>
            <align>right</align>
            <aligny>top</aligny>
            <font>font_statusbar</font>
            <textcolor>main_fg_30</textcolor>
            <left>10</left>
            <right>10</right>
            <top>385</top>
        </control>
    </include>

    <include name="View_GlobalSearch_Landscape_Text">
        <control type="label">
            <label>$INFO[ListItem.Label]</label>
            <align>left</align>
            <aligny>top</aligny>
            <font>font_statusbar</font>
            <textcolor>main_fg_100</textcolor>
            <left>10</left>
            <right>10</right>
            <top>355</top>
        </control>
        <control type="label">
            <label>$INFO[ListItem.Premiered]</label>
            <align>right</align>
            <aligny>top</aligny>
            <font>font_statusbar</font>
            <textcolor>main_fg_70</textcolor>
            <left>10</left>
            <right>10</right>
            <top>355</top>
        </control>
        <control type="label">
            <label>$INFO[ListItem.TvShowTitle]</label>
            <align>left</align>
            <aligny>top</aligny>
            <font>font_statusbar</font>
            <textcolor>main_fg_30</textcolor>
            <left>10</left>
            <right>10</right>
            <top>385</top>
        </control>
        <control type="label">
            <label>$INFO[ListItem.Duration]</label>
            <align>right</align>
            <aligny>top</aligny>
            <font>font_statusbar</font>
            <textcolor>main_fg_30</textcolor>
            <left>10</left>
            <right>10</right>
            <top>385</top>
        </control>
    </include>

    <include name="View_Landscape_Artwork">
        <include>Defs_PosterBack</include>
        <control type="image">
            <bordersize>10</bordersize>
            <aspectratio aligny="center" scalediffuse="false">scale</aspectratio>
            <texture background="true" diffuse="diffuse/landscape.png">$VAR[Image_Fanart]</texture>
        </control>
        <control type="image">
            <bottom>20</bottom>
            <left>75</left>
            <right>75</right>
            <aspectratio aligny="bottom">keep</aspectratio>
            <texture background="true">$VAR[Image_ClearLogo]</texture>
            <visible>!Skin.HasSetting(DisableFakeLandscapeArt)</visible>
            <visible>String.IsEmpty(ListItem.Art(landscape)) + String.IsEmpty(ListItem.Art(tvshow.landscape)) + String.IsEmpty(ListItem.Art(season.landscape))</visible>
            <visible>Container.Content(movies) | Container.Content(sets) | Container.Content(tvshows) | Container.Content(seasons)</visible>
        </control> 
        <include>Defs_PictureBack</include>
        <include>View_WatchedOverlay</include>
        <control type="image">
            <bordersize>10</bordersize>
            <texture colordiffuse="PixelLines" border="20">common/outline.png</texture>
        </control>
    </include>
    <include name="View_Posters_Text">
        <control type="label">
	    <visible>Skin.HasSetting(DisableNetflixView)</visible>
            <label>$INFO[ListItem.Label]</label>
            <align>center</align>
            <aligny>top</aligny>
            <font>font_statusbar</font>
            <textcolor>main_fg_100</textcolor>
            <left>10</left>
            <right>10</right>
            <top>385</top>
        </control>
        <control type="label">
	    <visible>Skin.HasSetting(DisableNetflixView)</visible>
            <label>$INFO[ListItem.Year]</label>
            <align>center</align>
            <aligny>top</aligny>
            <font>font_statusbar</font>
            <textcolor>main_fg_30</textcolor>
            <left>10</left>
            <right>10</right>
            <top>415</top>
        </control>
        <control type="label">
            <visible>!Skin.HasSetting(DisableNetflixView) + [Container.Content(seasons) | Container.Content(episodes)]</visible>
            <label>$INFO[ListItem.Label]</label>
            <align>center</align>
            <aligny>top</aligny>
            <font>font_statusbar</font>
            <textcolor>main_fg_100</textcolor>
            <left>10</left>
            <right>10</right>
            <top>385</top>
        </control>
        <control type="label">
            <visible>!Skin.HasSetting(DisableNetflixView) + [Container.Content(seasons) | Container.Content(episodes)]</visible>
            <label>$INFO[ListItem.Year]</label>
            <align>center</align>
            <aligny>top</aligny>
            <font>font_statusbar</font>
            <textcolor>main_fg_30</textcolor>
            <left>10</left>
            <right>10</right>
            <top>415</top>
        </control>

    </include>
    <include name="View_Posters_Itemlayout_Artwork">
        <control type="group" description="ParentFolder and DefaultIcon">
            <visible>ListItem.IsParentFolder | String.StartsWith(ListItem.Icon,Default) | ![!String.IsEmpty(ListItem.Art(poster)) | !String.IsEmpty(ListItem.Art(tvshow.poster)) | !String.IsEmpty(ListItem.Art(season.poster))] | Container.Content(musicvideos)</visible>
            <include>Defs_PosterBack</include>
            <control type="image">
                <bordersize>10</bordersize>
                <aspectratio aligny="center" scalediffuse="false">keep</aspectratio>
                <texture colordiffuse="PosterFront_70" background="true" diffuse="diffuse/widgetposter.png">$INFO[ListItem.Icon]</texture>
                <visible>String.StartsWith(ListItem.Icon,Default)</visible>
                <visible>![[Container.Content(genres) | [Container.Content(addons) + String.Contains(Container.FolderPath,Genres)]] | Container.Content(studios) | Container.Content(years) | Container.Content(directors) | Container.Content(countries) | Container.Content(tags) | Container.Content(playlists)] | ListItem.IsParentFolder</visible>
            </control>
            <control type="image">
                <bordersize>10</bordersize>
                <aspectratio aligny="center" scalediffuse="false">scale</aspectratio>
                <texture background="true" diffuse="diffuse/widgetposter.png">$INFO[ListItem.Icon]</texture>
                <visible>!String.StartsWith(ListItem.Icon,Default) + !ListItem.IsParentFolder</visible>
                <visible>![[Container.Content(genres) | [Container.Content(addons) + String.Contains(Container.FolderPath,Genres)]] | Container.Content(studios) | Container.Content(years) | Container.Content(directors) | Container.Content(countries) | Container.Content(tags) | Container.Content(playlists)]</visible>
            </control>
            <control type="image">
                <bordersize>70</bordersize>
                <aspectratio aligny="center" scalediffuse="false">keep</aspectratio>
                <texture background="true" colordiffuse="PosterFront_70" fallback="DefaultGenres.png" diffuse="diffuse/widgetposter.png">$VAR[Image_GenreIcons]</texture>
                <visible>[Container.Content(genres) | [Container.Content(addons) + String.Contains(Container.FolderPath,Genres)]] + !ListItem.IsParentFolder</visible>
            </control>
            <control type="image">
                <bordersize>10</bordersize>
                <aspectratio aligny="center" scalediffuse="false">keep</aspectratio>
                <texture background="true" colordiffuse="PosterFront_70" fallback="DefaultStudios.png" diffuse="diffuse/widgetposter.png">$INFO[ListItem.Label,resource://resource.images.studios.white/,.png]</texture>
                <visible>Container.Content(studios) + !ListItem.IsParentFolder</visible>
            </control>
            <control type="image">
                <bordersize>10</bordersize>
                <aspectratio aligny="center" scalediffuse="false">keep</aspectratio>
                <texture background="true" colordiffuse="PosterFront_30" diffuse="diffuse/widgetposter.png">$INFO[ListItem.Label,resource://resource.images.moviecountryicons.maps/,.png]</texture>
                <visible>Container.Content(countries) + !ListItem.IsParentFolder</visible>
            </control>
            <control type="textbox">
                <left>20</left>
                <right>20</right>
                <align>center</align>
                <aligny>center</aligny>
                <font>font_poster_text</font>
                <textcolor>PosterFront_70</textcolor>
                <label>$INFO[ListItem.Label]</label>
                <visible>!ListItem.IsParentFolder</visible>
                <visible>Container.Content(years) | Container.Content(directors) | Container.Content(countries) | Container.Content(tags) | Container.Content(playlists)</visible>
            </control>
            <include>Defs_PictureBack</include>
        </control>
        <control type="image" description="Poster">
            <bordersize>10</bordersize>
            <include condition="!Skin.HasSetting(DisableShadows)">Defs_Shadow_10</include>
            <aspectratio scalediffuse="false">scale</aspectratio>
            <texture fallback="DefaultAddonNone.png" background="true" diffuse="diffuse/widgetposter.png">$VAR[Image_Poster]</texture>
            <visible>!ListItem.IsParentFolder</visible>
            <visible>!String.StartsWith(ListItem.Icon,Default)</visible>
            <visible>[!String.IsEmpty(ListItem.Art(poster)) | !String.IsEmpty(ListItem.Art(tvshow.poster)) | !String.IsEmpty(ListItem.Art(season.poster))]</visible>
            <visible>!Container.Content(musicvideos)</visible>
        </control>
        <include>View_WatchedOverlay</include>
        <control type="image">
            <bordersize>10</bordersize>
            <texture colordiffuse="PixelLines" border="20">common/outline.png</texture>
        </control>
    </include>

    <include name="View_Posters_Focusedlayout_Artwork">
        <control type="group" description="ParentFolder and DefaultIcon">
            <visible>ListItem.IsParentFolder | String.StartsWith(ListItem.Icon,Default) | Container.Content(musicvideos) | ![!String.IsEmpty(ListItem.Art(poster)) | !String.IsEmpty(ListItem.Art(tvshow.poster)) | !String.IsEmpty(ListItem.Art(season.poster))]</visible>
            <include>Defs_PosterBack</include>
            <control type="image">
                <bordersize>10</bordersize>
                <aspectratio aligny="center" scalediffuse="false">keep</aspectratio>
                <texture colordiffuse="PosterFront" background="true" diffuse="diffuse/widgetposter.png">$INFO[ListItem.Icon]</texture>
                <visible>String.StartsWith(ListItem.Icon,Default)</visible>
                <visible>![[Container.Content(genres) | [Container.Content(addons) + String.Contains(Container.FolderPath,Genres)]] | Container.Content(studios) | Container.Content(years) | Container.Content(directors) | Container.Content(countries) | Container.Content(tags) | Container.Content(playlists)] | ListItem.IsParentFolder</visible>
            </control>
            <control type="image">
                <bordersize>10</bordersize>
                <aspectratio aligny="center" scalediffuse="false">scale</aspectratio>
                <texture background="true" diffuse="diffuse/widgetposter.png">$INFO[ListItem.Icon]</texture>
                <visible>!String.StartsWith(ListItem.Icon,Default) + !ListItem.IsParentFolder</visible>
                <visible>![[Container.Content(genres) | [Container.Content(addons) + String.Contains(Container.FolderPath,Genres)]] | Container.Content(studios) | Container.Content(years) | Container.Content(directors) | Container.Content(countries) | Container.Content(tags) | Container.Content(playlists)]</visible>
            </control>
            <control type="image">
                <bordersize>70</bordersize>
                <aspectratio aligny="center" scalediffuse="false">keep</aspectratio>
                <texture background="true" colordiffuse="PosterFront" fallback="DefaultGenres.png" diffuse="diffuse/widgetposter.png">$VAR[Image_GenreIcons]</texture>
                <visible>[Container.Content(genres) | [Container.Content(addons) + String.Contains(Container.FolderPath,Genres)]] + !ListItem.IsParentFolder</visible>
            </control>
            <control type="image">
                <bordersize>10</bordersize>
                <aspectratio aligny="center" scalediffuse="false">keep</aspectratio>
                <texture background="true" colordiffuse="PosterFront" fallback="DefaultStudios.png" diffuse="diffuse/widgetposter.png">$INFO[ListItem.Label,resource://resource.images.studios.white/,.png]</texture>
                <visible>Container.Content(studios) + !ListItem.IsParentFolder</visible>
            </control>
            <control type="image">
                <bordersize>10</bordersize>
                <aspectratio aligny="center" scalediffuse="false">keep</aspectratio>
                <animation effect="fade" condition="true" end="35">Conditional</animation>
                <texture background="true" colordiffuse="PosterFront" diffuse="diffuse/widgetposter.png">$INFO[ListItem.Label,resource://resource.images.moviecountryicons.maps/,.png]</texture>
                <visible>Container.Content(countries) + !ListItem.IsParentFolder</visible>
            </control>
            <control type="textbox">
                <left>20</left>
                <right>20</right>
                <align>center</align>
                <aligny>center</aligny>
                <font>font_poster_text</font>
                <textcolor>PosterFront</textcolor>
                <label>$INFO[ListItem.Label]</label>
                <visible>!ListItem.IsParentFolder</visible>
                <visible>Container.Content(years) | Container.Content(directors) | Container.Content(countries) | Container.Content(tags) | Container.Content(playlists)</visible>
            </control>
            <include>Defs_PictureBack</include>
        </control>
        <control type="image" description="Poster">
            <bordersize>10</bordersize>
            <include condition="!Skin.HasSetting(DisableShadows)">Defs_Shadow_10</include>
            <aspectratio scalediffuse="false">scale</aspectratio>
            <texture fallback="DefaultAddonNone.png" background="true" diffuse="diffuse/widgetposter.png">$VAR[Image_Poster]</texture>
            <visible>!ListItem.IsParentFolder</visible>
            <visible>!String.StartsWith(ListItem.Icon,Default)</visible>
            <visible>[!String.IsEmpty(ListItem.Art(poster)) | !String.IsEmpty(ListItem.Art(tvshow.poster)) | !String.IsEmpty(ListItem.Art(season.poster))]</visible>
            <visible>!Container.Content(musicvideos)</visible>
        </control>
        <include>View_WatchedOverlay</include>
        <control type="image">
            <bordersize>10</bordersize>
            <texture colordiffuse="PixelLines" border="20">common/outline.png</texture>
        </control>
        
    </include>
</includes>

