<?xml version="1.0" encoding="UTF-8"?>
<!-- Foundation -->
<window id="6">
    <defaultcontrol always="true">50</defaultcontrol>
    <menucontrol>300</menucontrol>
    <include>View_ViewIDs</include>
    <onload condition="System.HasAddon(script.tv.show.next.aired)">RunScript(script.tv.show.next.aired,backend=True)</onload>
    <onload>SetProperty(SkinHelper.WidgetContainer,$PARAM[id],Home)</onload>
    <onunload>ClearProperty(SkinHelper.WidgetContainer)</onunload>
<onunload condition="String.IsEqual(Window(Home).Property(BaseWindow),InfoDialog)">AlarmClock(loadinfo,Action(Info),00:00,silent)</onunload>
    <controls>

        <!-- Standard Furniture -->
        <include condition="Skin.HasSetting(DisableNetflixView)">Global_Background</include>
        <include>Object_PlotOverlay</include>
        <include>View_Library</include>
        <include>Topbar</include> 
 
        <!-- Hidden Buttons -->
        <include>Defs_Options_StandardButtons</include>
        <control type="button" id="8">
            <label>137</label>
            <include>Defs_Hidden_Button</include>
        </control>
        <control type="togglebutton" id="14">
            <label>$LOCALIZE[20367]: $LOCALIZE[16039]</label>
            <altlabel>$LOCALIZE[20367]: $LOCALIZE[16041]</altlabel>
            <usealttexture>System.Setting(hidewatched)</usealttexture>
            <description>Watched Unwatched</description>
            <include>Defs_Hidden_Button</include>
        </control>
        <control type="button" id="20">
            <description>Library</description>
            <label>653</label>
            <include>Defs_Hidden_Button</include>
        </control>
        <control type="button" id="6005">
            <description>Extra fanart</description>
            <label>$VAR[Label_ExtraFanart]</label>
            <onclick>Skin.ToggleSetting(SkinHelper.EnableExtraFanart)</onclick>
            <include>Defs_Hidden_Button</include>
        </control>
    </controls>
</window>
