<?xml version="1.0" encoding="utf-8"?>
<!--Titan-->
<window type="window" id="3820">
    <defaultcontrol always="true">4000</defaultcontrol>
    <onload>AlarmClock(focusWidgets,SetFocus(323233),00:00,silent)</onload>
    <onload>SetProperty(netflixview,active,Home)</onload>
    <onunload condition="!String.Contains(Skin.String(HomeLayout),netflix)">ClearProperty(netflixview, Home)</onunload>
    <onunload>ClearProperty(SkinHelper.WidgetContainer,Home)</onunload>
    <onunload condition="Player.HasVideo">Stop</onunload>
    <controls>
	<include>Object_Home_Netflix</include>
  <control type="grouplist" id="323233">
	<posy>670</posy>
      <include condition="true" content="netflix_customhub_fixed" name="netflix_customhub_fixed">
        <param name="id" value="410" />
        <param name="widgetaspect" value="Poster" />
        <param name="skinsetting" value="netflixhub-tvshows-410" />
      </include>
      <include condition="true" content="netflix_customhub_fixed" name="netflix_customhub_fixed">
        <param name="id" value="420" />
        <param name="widgetaspect" value="LandscapeWidePoster" />
        <param name="skinsetting" value="netflixhub-tvshows-420" />
      </include>
      <include condition="true" content="netflix_customhub_fixed" name="netflix_customhub_fixed">
        <param name="id" value="430" />
        <param name="widgetaspect" value="LandscapeWidePoster" />
        <param name="skinsetting" value="netflixhub-tvshows-430" />
      </include>
      <include condition="true" content="netflix_customhub_fixed" name="netflix_customhub_fixed">
        <param name="id" value="440" />
        <param name="aspect" value="Poster" />
        <param name="skinsetting" value="netflixhub-tvshows-440" />
      </include>
      <include condition="true" content="netflix_customhub_fixed" name="netflix_customhub_fixed">
        <param name="id" value="450" />
        <param name="aspect" value="LandscapeWidePoster" />
        <param name="skinsetting" value="netflixhub-tvshows-450" />
      </include>
      </control>

   </controls>
</window>
