<?xml version="1.0" encoding="UTF-8" standalone="yes"?>
<addon id="repository.marcelveldt" version="1.0.1" name="Marcelveldt's BETA repository" provider-name="marcelveldt">
	
	<extension point="xbmc.addon.repository" name="Marcelveldt's BETA repository">
		<info compressed="false">https://raw.githubusercontent.com/kodi-community-addons/repository.marcelveldt/master/addons.xml</info>
		<checksum>https://raw.githubusercontent.com/kodi-community-addons/repository.marcelveldt/master/addons.xml.md5</checksum>
		<datadir zip="true">https://raw.githubusercontent.com/kodi-community-addons/repository.marcelveldt/master/</datadir>
	</extension>
	<extension point="xbmc.addon.metadata">
		<summary lang="en">Kodi repository for beta/test versions of Marcelveldt's addons</summary>
		<description lang="en">Kodi repository for beta/test versions of Marcelveldt's addons, for stable versions please just use the official Kodi repository. This repo is for test/beta versions of my work only</description>
		<platform>all</platform>
	</extension>
</addon>