<?xml version="1.0" encoding="UTF-8"?>
<includes>

    <include name="Animation_FadeOut_Delay">
        <animation effect="fade" end="0" start="100" time="1" delay="300">Hidden</animation>
    </include>
    <include name="Animation_FocusBounce_Home">
        <animation type="Focus" condition="!Skin.HasSetting(BounceAnimations)" reversible="false">
            <effect type="zoom" end="115" time="75" tween="sine" easing="out" center="auto" />
            <effect type="zoom" end="86.9565217" time="225" tween="sine" delay="100" easing="out" center="auto" />
        </animation>
    </include>

   <include name="Animation_Home_Textbar_Slideover">
        <animation effect="slide" start="0" end="-301" time="300" tween="sine" easing="inout" condition="[![Control.HasFocus(300) | Control.HasFocus(3904) | Control.HasFocus(3901) | Control.HasFocus(3902) | Control.HasFocus(3903)] + !Control.HasFocus(302)] | [!Control.HasFocus(302) + !Skin.HasSetting(IconOnlyMode)]">Conditional</animation>
        <animation effect="slide" start="0" end="-301" time="300" tween="sine" easing="inout" condition="[[Control.HasFocus(300) | Control.HasFocus(3904) | Control.HasFocus(3901) | Control.HasFocus(3902) | Control.HasFocus(3903)] | Control.HasFocus(302)] + !Window.IsNext(Home) + ![!Control.HasFocus(302) + !Skin.HasSetting(IconOnlyMode)]">WindowClose</animation>
    </include>
  <include name="AutoTrailerButton">
                <control type="button">
                        <visible>false</visible>
                        <!-- <onfocus>RunScript(script.skin.helper.service,action=fileexists,file=$INFO[listitem.path,,theme.mp3],winprop=osttheme_avail)</onfocus> -->
                        <onfocus condition="!Player.HasVideo">AlarmClock(trailer_delay,PlayMedia($INFO[ListItem.Trailer],false,1),00:06,silent)</onfocus>
                        <onfocus condition="!Player.HasVideo">SetProperty(trailer_trailerwillplaying,true,home)</onfocus>
                        <onunfocus condition="System.HasAlarm(trailer_delay)">CancelAlarm(trailer_delay,true)</onunfocus>
                        <onunfocus condition="Player.HasVideo + ![VideoPlayer.Content(movies) | VideoPlayer.Content(episodes) | VideoPlayer.Content(musicvideos) | VideoPlayer.Content(livetv)]">PlayerControl(Stop)</onunfocus>
			<onunfocus>ClearProperty(TrailerPlaying)</onunfocus>
                        <onunfocus condition="!String.IsEmpty(Window(home).Property(trailer_trailerwillplaying))">ClearProperty(trailer_trailerwillplaying)</onunfocus>
                </control>
        </include>

            <include name="trailer_down">
                <!-- play yt trailer if scraped empty -->
                <ondown condition="Skin.HasSetting(EnableTrailerOnDown) + !Player.HasVideo + !String.IsEmpty(ListItem.Trailer)">PlayMedia($INFO[ListItem.Trailer],false,1)</ondown>  
		<ondown condition="!Skin.HasSetting(EnableTrailerOnDown)">9601</ondown>
<!--		<ondown condition="!Player.HasVideo">RunScript(script.skin.helper.service,action=playtraileryoutube,MODE=windowed,title=$INFO[ListItem.TvShowTitle])</ondown> -->
                <!-- get fullscreen , <tab>FullScreen</tab> -->
                <ondown condition="Skin.HasSetting(EnableTrailerOnDown) + Player.HasVideo">fullscreen</ondown>
	        <onup condition="Skin.HasSetting(EnableTrailerOnDown) + Player.HasVideo">Stop</onup>
        </include>

    <include name="Animation_FocusBounce">
        <animation type="Focus" condition="!Skin.HasSetting(BounceAnimations)" reversible="false">
            <effect type="zoom" end="110" time="75" tween="sine" easing="out" center="auto" />
            <effect type="zoom" end="90.9090909" time="225" tween="sine" delay="100" easing="out" center="auto" />
        </animation>
    </include>

    <include name="Animation_FocusBounce_Small">
        <animation type="Focus" condition="!Skin.HasSetting(BounceAnimations)" reversible="false">
            <effect type="zoom" end="105" time="75" tween="sine" easing="out" center="auto" />
            <effect type="zoom" end="95.2380952" time="225" tween="sine" delay="100" easing="out" center="auto" />
        </animation>
    </include>

    <include name="Animation_FocusBounce_Large">
        <animation type="Focus" condition="!Skin.HasSetting(BounceAnimations)" reversible="false">
            <effect type="zoom" end="115" time="75" tween="sine" easing="out" center="auto" />
            <effect type="zoom" end="86.9565217" time="225" tween="sine" delay="100" easing="out" center="auto" />
        </animation>
    </include>

    <include name="Animation_Left">
        <animation type="Visible" reversible="false">
            <effect type="fade" start="0" end="100" time="300" tween="sine" easing="out"/>
            <effect type="slide" start="-320" end="0" time="400" tween="cubic" easing="out" />
        </animation>
        <animation type="Hidden" reversible="false">
            <effect type="fade" start="100" end="0" time="300" tween="sine" easing="out" />
            <effect type="slide" start="0" end="-320" time="300" tween="cubic" easing="out" />
        </animation>
        <animation type="WindowOpen" reversible="false">
            <effect type="fade" start="0" end="100" time="300" tween="sine" easing="out"/>
            <effect type="slide" start="-320" end="0" time="400" tween="cubic" easing="out" />
        </animation>
        <animation type="WindowClose" reversible="false">
            <effect type="fade" start="100" end="0" time="300" tween="sine" easing="out" />
            <effect type="slide" start="0" end="-320" time="300" tween="cubic" easing="out" />
        </animation>
    </include>

    <include name="Animation_Right">
        <animation type="Visible" reversible="false">
            <effect type="fade" start="0" end="100" time="300" tween="sine" easing="out"/>
            <effect type="slide" start="320" end="0" time="400" tween="cubic" easing="out" />
        </animation>
        <animation type="Hidden" reversible="false">
            <effect type="fade" start="100" end="0" time="300" tween="sine" easing="out" />
            <effect type="slide" start="0" end="320" time="300" tween="cubic" easing="out" />
        </animation>
        <animation type="WindowOpen" reversible="false">
            <effect type="fade" start="0" end="100" time="300" tween="sine" easing="out"/>
            <effect type="slide" start="320" end="0" time="400" tween="cubic" easing="out" />
        </animation>
        <animation type="WindowClose" reversible="false">
            <effect type="fade" start="100" end="0" time="300" tween="sine" easing="out" />
            <effect type="slide" start="0" end="320" time="300" tween="cubic" easing="out" />
        </animation>
    </include>

    <include name="Animation_Right_Delay">
        <animation type="Visible" reversible="false">
            <effect type="fade" start="0" end="100" time="300" delay="400" tween="sine" easing="out"/>
            <effect type="slide" start="320" end="0" time="400" delay="400" tween="cubic" easing="out" />
        </animation>
        <animation type="Hidden" reversible="false">
            <effect type="fade" start="100" end="0" time="300" tween="sine" easing="out" />
            <effect type="slide" start="0" end="320" time="300" tween="cubic" easing="out" />
        </animation>
        <animation type="WindowOpen" reversible="false">
            <effect type="fade" start="0" end="100" time="300" delay="400" tween="sine" easing="out"/>
            <effect type="slide" start="320" end="0" time="400" delay="400" tween="cubic" easing="out" />
        </animation>
        <animation type="WindowClose" reversible="false">
            <effect type="fade" start="100" end="0" time="300" tween="sine" easing="out" />
            <effect type="slide" start="0" end="320" time="300" tween="cubic" easing="out" />
        </animation>
    </include>

    <include name="Animation_FadeInOut">
        <animation effect="fade" start="0" end="100" time="350" tween="cubic" easing="inout">Visible</animation>
        <animation effect="fade" start="100" end="0" time="350" tween="cubic" easing="inout">Hidden</animation>
    </include>

    <include name="Animation_FadeIn">
        <animation effect="fade" start="0" end="100" time="350" tween="cubic" easing="inout">Visible</animation>
        <animation effect="fade" start="0" end="100" time="350" tween="cubic" easing="inout">WindowOpen</animation>
    </include>

    <include name="Animation_FadeIn_Delay">
        <animation effect="fade" start="0" end="100" time="350" tween="cubic" easing="inout" reversible="false" delay="150">Visible</animation>
    </include>

    <include name="Animation_ZoomIn">
        <animation type="WindowOpen" reversible="false">
            <effect type="fade" start="0" end="100" time="300" tween="sine" easing="in" />
            <effect type="zoom" start="80" end="100" time="300" center="auto" tween="quadratic" easing="out" />
        </animation>
        <animation type="Visible" reversible="false">
            <effect type="fade" start="0" end="100" time="300" tween="sine" easing="in" />
            <effect type="zoom" start="80" end="100" time="300" center="auto" tween="quadratic" easing="out" />
        </animation>
    </include>

    <include name="Animation_FadeIn_Slide">
        <animation type="Visible" reversible="false">
            <effect type="fade" start="0" end="100" time="300" delay="150"/>
            <effect type="slide" start="0,-48" end="0" center="auto" tween="back" easing="out" time="450" delay="150"/>
        </animation>
        <animation type="WindowOpen" reversible="false">
            <effect type="fade" start="0" end="100" time="300" delay="150"/>
            <effect type="slide" start="0,-48" end="0" center="auto" tween="back" easing="out" time="450" delay="150"/>
        </animation>
    </include>
    <include name="Animation_FadeIn_SlideUp">
        <animation type="Visible" reversible="false">
            <effect type="fade" start="0" end="100" time="300" delay="150"/>
            <effect type="slide" start="0,48" end="0" center="auto" tween="back" easing="out" time="450" delay="150"/>
        </animation>
        <animation type="WindowOpen" reversible="false">
            <effect type="fade" start="0" end="100" time="300" delay="150"/>
            <effect type="slide" start="0,48" end="0" center="auto" tween="back" easing="out" time="450" delay="150"/>
        </animation>
    </include>

    <include name="Animation_FadeOut">
        <animation effect="fade" end="0" start="100" time="150">Hidden</animation>
        <animation effect="fade" end="0" start="100" time="150">WindowClose</animation>
    </include>

</includes>
