<?xml version="1.0" encoding="UTF-8"?>
<!-- Foundation -->
<window type="dialog" id="1128">
    <defaultcontrol always="true">8000</defaultcontrol>
    <controls>
	<control type="image">
	    <width>100%</width>
	    <height>100%</height>
	    <texture colordiffuse="CC000000" background="true">common/white.png</texture>
	</control>
        <control type="group">
            <include content="Dialog_Standard_Group">
                <param name="width" value="820" />
                <param name="height" value="730" />
            </include>
            <control type="label">
                <description>Header Label</description>
                <label>[CAPITALIZE]Home Spotlight Config[/CAPITALIZE]</label>
                <textcolor>grey</textcolor>
                <shadowcolor>dimgrey</shadowcolor>
                <font>font_heading_small</font>
                <include>Dialog_Standard_Header</include>
            </control>

            <control type="grouplist" id="8000">
                <description>Control Area</description>
                <right>20</right>
                <width>780</width>
                <top>100</top>
		<height>600</height>
                <itemgap>10</itemgap>
                <orientation>vertical</orientation>
                <pagecontrol>60</pagecontrol>
                <usecontrolcoords>true</usecontrolcoords>

                       <control type="radiobutton" id="8001" description="Enable Spotlight">
                            <include>Dialog_Standard_ListButton</include>
                            <radioposx>730</radioposx>
                            <label>Enable Spotlights</label>
                            <onclick>Skin.ToggleSetting(EnableSpotlight)</onclick>
                            <selected>Skin.HasSetting(EnableSpotlight)</selected>
                        </control>
                        <control type="button" id="8002" description="Choose Spotlight Style">
                            <include>Dialog_Standard_ListButton</include>
                            <label>Choose Spotlight Style</label>
                            <enable>Skin.HasSetting(EnableSpotlight)</enable>
                            <onclick>ActivateWindow(1132)</onclick>
                        </control>
                        <control type="button" id="8003" description="Choose Movies Spotlight">
                            <include>Dialog_Standard_ListButton</include>
                            <label>Movies Content</label>
                            <label2>$INFO[Skin.String(spotlightmovies.label)]</label2>
                            <onclick condition="String.IsEmpty(Skin.String(spotlightmovies.label))">RunScript(script.skinshortcuts,type=widgets&amp;showNone=true&amp;skinWidgetName=spotlightmovies.label&amp;skinWidgetTarget=spotlightmovies.target&amp;skinWidgetPath=spotlightmovies.path)</onclick>
                            <onclick condition="!String.IsEmpty(Skin.String(spotlightmovies.label))">Skin.Reset(spotlightmovies.label)</onclick>
                            <onclick condition="!String.IsEmpty(Skin.String(spotlightmovies.path))">Skin.Reset(spotlightmovies.path)</onclick>
                            <enable>Skin.HasSetting(EnableSpotlight)</enable>
                        </control>
                        <control type="button" id="80031" description="Choose Movies Spotlight">
                            <include>Dialog_Standard_ListButton</include>
                            <label> - Configure Custom Movie Lists</label>
                            <onclick>ActivateWindow(1161)</onclick>
                            <visible>String.IsEqual(Skin.String(spotlightmovies.label),Spotlight Movies)</visible>
                            <visible>!Skin.HasSetting(DisableAuraHomeLayout)</visible>
                            <enable>Skin.HasSetting(EnableSpotlight)</enable>
                        </control>
                        <control type="button" id="8004" description="Choose TV Shows Spotlight">
                            <include>Dialog_Standard_ListButton</include>
                            <label>TV Shows Content</label>
                            <label2>$INFO[Skin.String(spotlighttvshows.label)]</label2>
                            <onclick condition="String.IsEmpty(Skin.String(spotlighttvshows.label))">RunScript(script.skinshortcuts,type=widgets&amp;showNone=true&amp;skinWidgetName=spotlighttvshows.label&amp;skinWidgetTarget=spotlighttvshows.target&amp;skinWidgetPath=spotlighttvshows.path)</onclick>
                            <onclick condition="!String.IsEmpty(Skin.String(spotlighttvshows.label))">Skin.Reset(spotlighttvshows.label)</onclick>
                            <onclick condition="!String.IsEmpty(Skin.String(spotlighttvshows.path))">Skin.Reset(spotlighttvshows.path)</onclick>
                            <enable>Skin.HasSetting(EnableSpotlight)</enable>
                        </control>
                        <control type="button" id="80041" description="Choose TV Spotlight">
                            <include>Dialog_Standard_ListButton</include>
                            <label> - Configure Custom TV Lists</label>
                            <onclick>ActivateWindow(1160)</onclick>
                            <visible>String.IsEqual(Skin.String(spotlighttvshows.label),Spotlight TV)</visible>
                            <visible>!Skin.HasSetting(DisableAuraHomeLayout)</visible>
                            <enable>Skin.HasSetting(EnableSpotlight)</enable>
                        </control>
                        <control type="radiobutton" id="8005" description="Enable Random Spotlight">
                            <include>Dialog_Standard_ListButton</include>
                            <label>Spotlight Random Sorting</label>
                            <radioposx>730</radioposx>
                            <selected>Skin.HasSetting(EnableSpotlightRandom)</selected>
                            <onclick>Skin.ToggleSetting(EnableSpotlightRandom)</onclick>
                            <enable>Skin.HasSetting(EnableSpotlight)</enable>
                        </control>

                        <control type="button" id="8006" description="Configure LiveTV Spotlight">
                            <include>Dialog_Standard_ListButton</include>
                            <label>Configure LiveTV Spotlight</label>
                            <onclick>RunScript(script.skinshortcuts,type=manage&amp;group=pvrspot)</onclick>
                            <enable>Skin.HasSetting(EnableSpotlight)</enable>
                        </control>
            </control>
        </control>
    </controls>
</window>
