<?xml version="1.0" encoding="utf-8"?>
<window type="window" id="3910">
  <defaultcontrol>5050</defaultcontrol>
  <onload>SetFocus(5050)</onload>
  <onunload>ClearProperty(SkinHelper.WidgetContainer,Home)</onunload>
  <controls>
    <include>Global_Background</include>
   <control type="group">
    <animation effect="slide" end="0,-40" time="0" condition="Skin.HasSetting(AuraHubSpacingSmall)">Conditional</animation>
    <include>Logo</include>
   <control type="label">
   <animation effect="slide" end="260,0" time="500" condition="Control.HasFocus(400)">Conditional</animation>
   <top>65</top>
   <left>70</left>
   <width>400</width>
   <height>40</height>
   <font>font_heading_small</font>
   <textcolor>white</textcolor>
   <label>[B]TV AuraHub[/B]</label>
   </control> 
   </control>
    <control type="button" id="5051">
     <centerleft>50%</centerleft>
     <centertop>50%</centertop>
     <width>700</width>
     <height>60</height>
     <label>Hub is Empty - Click to Add Items</label>
     <textcolor>white</textcolor>
     <focusedcolor>White</focusedcolor>
     <texturefocus colordiffuse="$VAR[ColorHighlight]" border="16">common/white.png</texturefocus>
     <onclick>RunScript(script.skinshortcuts,type=manage&amp;group=aurahubtv)</onclick>
     <visible>!Integer.IsGreater(Container(5055).NumItems,0) + !Container(5055).IsUpating</visible>
    </control>
    <control type="button" id="5050">
     <onfocus condition="!Integer.IsGreater(Container(5055).NumItems,0) + !Container(5055).IsUpating">SetFocus(5051)</onfocus>
     <onfocus condition="Integer.IsGreater(Container(5055).NumItems,0) | [!Integer.IsGreater(Container(5055).NumItems,0) + Container(5055).IsUpating]">SetFocus(5055)]</onfocus>
    </control> 

    <control type="button" id="5555">
     <onright>5055</onright>
     <onfocus>SetFocus(5055)</onfocus>
    </control>

      <control type="grouplist" id="5055">
        <include>Animation_Right</include>
   	<animation effect="slide" end="270,0" time="500" condition="Control.HasFocus(400)">Conditional</animation>
        <include condition="Skin.HasSetting(AuraHubSpacingSmall)">AuraHub_Small_top</include>
        <include condition="!Skin.HasSetting(AuraHubSpacingSmall)">AuraHub_top</include>
        <include condition="Skin.HasSetting(AuraHubSpacingSmall)">AuraHub_Small_height</include>
        <include condition="!Skin.HasSetting(AuraHubSpacingSmall)">AuraHub_height</include>
        <width>1920</width>
        <left>50</left>
	<movement>1</movement>
        <scrolltime tween="sine">700</scrolltime>
        <orientation>vertical</orientation>
        <usecontrolcoords>true</usecontrolcoords>
        <onleft>SetFocus(400,2)</onleft>
	<onup>5055</onup>
	<ondown>5055</ondown>
        <include>skinshortcuts-template-aurahubtv</include>
    </control>
    <include>Home_TVHubMenu_Layout</include>

    <control type="button" id="7777">
       <visible allowhiddenfocus="true">false</visible>
  	<onfocus condition="String.IsEmpty(Skin.String(TVHubMenuFocus))">SetFocus(5055)</onfocus>
  	<onfocus condition="!String.IsEmpty(Skin.String(TVHubMenuFocus))">SetFocus(400,4,absolute)</onfocus>
    </control>
  <include content="Object_UpDownInfoArrows">
     <param name="id" value="5055" />
     <param name="top" value="90" />
  </include>

  </controls>
</window>
