<?xml version="1.0" encoding="utf-8"?>
<window id="5111">
    <defaultcontrol>5051</defaultcontrol>
    <onunload>ClearProperty(RunWizard)</onunload>
    <controls>
    <control type="image">
      <width>100%</width>
      <height>100%</height>
      <texture background="true">special://skin/fanart.jpg</texture>
   </control>
<!--
    <control type="label">
      <top>100</top>
      <centerleft>50%</centerleft>
      <width>700</width>
      <height>100</height>
      <font>netflix_heading_small</font>
      <textcolor>dimgrey</textcolor>
      <label> Welcome to AuraMod Setup</label>
   </control>
-->

 <control type="group">
      <control type="button" id="5051">
        <width>300</width>
        <height>100</height>
        <bottom>180</bottom>
        <left>600</left> 
        <label>[CAPITALIZE][B]Run Wizard[/B][/CAPITALIZE]</label>
        <align>center</align>
        <textcolor>grey</textcolor>
        <focusedcolor>black</focusedcolor>
        <texturefocus colordiffuse="d9ffffff" border="5">diffuse/panel.png</texturefocus>
        <texturenofocus colordiffuse="darkgrey" border="5">diffuse/panel.png</texturenofocus>
        <font>Reg28</font>
	<onright>5052</onright>
        <onclick>SetProperty(RunWizard,1,Home)</onclick>
        <onclick>ActivateWindow(1120)</onclick>
        <onfocus condition="String.IsEqual(Window(Home).Property(RunWizard),1)">SetFocus(4)</onfocus>
      </control>

      <control type="button" id="5052">
	<bottom>180</bottom>
	<left>950</left>
        <width>300</width>
        <height>100</height>
        <label>[CAPITALIZE][B]Manual Setup[/B][/CAPITALIZE]</label>
        <align>center</align>
        <textcolor>grey</textcolor>
        <focusedcolor>black</focusedcolor>
        <texturefocus colordiffuse="d9ffffff" border="5">diffuse/panel.png</texturefocus>
        <texturenofocus colordiffuse="darkgrey" border="5">diffuse/panel.png</texturenofocus>
        <font>Reg28</font>
	<onleft>5051</onleft>
        <onclick>ActivateWindow(settings)</onclick>
      </control>

  </control>
 </controls>
</window>
