<?xml version="1.0" encoding="utf-8"?>
<!-- Foundation -->
<window id="0">
  <defaultcontrol always="true">4000</defaultcontrol>
  <onload>RunScript(plugin.video.themoviedb.helper,reset_path)</onload>
  <onload condition="Skin.HasSetting(EnableWetherRadar)">RunScript(special://skin/extras/weather.py)</onload>
  <onload>RunScript(script.skinshortcuts,type=buildxml&amp;mainmenuID=300&amp;levels=1&amp;group=mainmenu|powermenu|x1101|x1102|x1103|x1104|x1105|x1106|x1107|x1108|x1109|x1110|x1111|x1112|x1113|hubtvnetworks|searchmenu|aurahubtv|aurahubmovies|netflixhubtv|netflixhubmovies|pvrspot|tvhubmenu|moviehubmenu)</onload>
  <onload condition="!Skin.HasSetting(SkinHelper.EnablePVRThumbs)">Skin.SetBool(SkinHelper.EnablePVRThumbs)</onload>
  <onload condition="!Skin.HasSetting(SkinHelper.EnableMusicArt)">Skin.SetBool(SkinHelper.EnableMusicArt)</onload>
    <onload condition="Skin.HasSetting(SkinHelper.EnableAnimatedPosters)">Skin.SetBool(SkinHelper.EnableAnimatedPosters)</onload>
    <onload condition="!Skin.HasSetting(SkinHelper.EnableAnimatedPosters)">Skin.Reset(SkinHelper.EnableAnimatedPosters)</onload>
  <onload>ClearProperty(HomeFocus,Home)</onload>
  <onload>AlarmClock(SkinSplashStarted,SetProperty(SkinSplashStarted,1,home),00:01,silent,false)</onload>
  <onload>ClearProperty(WidgetLoading,Home)</onload>
  <onload>AlarmClock(SetLoad,SetProperty(WidgetLoading,1,Home),00:00,silent)</onload>
  <onload>ClearProperty(spotback)</onload>
  <onload condition="!Skin.HasSetting(LockHubWidgets)">Skin.ToggleSetting(LockHubWidgets)</onload>
  <onload condition="Skin.HasSetting(AutoLibraryHome)">UpdateLibrary(video,,true)</onload>
  <onload condition="Skin.HasSetting(MouseMode)">Skin.ToggleSetting(MouseMode)</onload>
  <onload condition="!String.IsEmpty(Skin.String(TMDB_Search))">ActivateWindow(1136)</onload>
  <onload condition="!Skin.HasSetting(DisableInfoRatings)">Skin.ToggleSetting(DisableInfoRatings)</onload>
  <onload condition="Skin.HasSetting(HubOnStartup)">Skin.ToggleSetting(HubOnStartup)</onload>
  <onload>Skin.SetString(AddonContainer,false)</onload>
  <onunload>SetProperty(SpotReturnHome,true,Home)</onunload>
  <onunload>ClearProperty(spothubscroll)</onunload>
  <onunload>ClearProperty(SkinHelper.WidgetContainer)</onunload>
  <onload condition="!String.IsEmpty(Skin.String(MovieHubMenuFocus))">SetFocus(401,0,absolute)</onload>
  <onload condition="!String.IsEmpty(Skin.String(TVHubMenuFocus))">SetFocus(400,0,absolute)</onload>
  <onunload>Skin.SetString(similar_movies_traktid,$INFO[Container(12341).ListItem.Property(trakt_id)])</onunload>
  <onunload>Skin.SetString(similar_movies2_traktid,$INFO[Container(12341).ListItem(2).Property(trakt_id)])</onunload>
  <onunload>Skin.SetString(similar_movies_label,$INFO[Container(12341).ListItem.Label])</onunload>
  <onunload>Skin.SetString(similar_movies2_label,$INFO[Container(12341).ListItem(2).Label])</onunload>
  <onunload>Skin.SetString(similar_tv_traktid,$INFO[Container(12342).ListItem.Property(tvshow.trakt_id)])</onunload>
  <onunload>Skin.SetString(similar_tv2_traktid,$INFO[Container(12342).ListItem(2).Property(tvshow.trakt_id)])</onunload>
  <onunload>Skin.SetString(similar_tv_label,$INFO[Container(12342).ListItem.TvShowTitle])</onunload>
  <onunload>Skin.SetString(similar_tv2_label,$INFO[Container(12342).ListItem(2).TvShowTitle])</onunload>
  <controls>
    <control type="list" id="9988">
      <description>hidden container for playlist background</description>
      <posx>-20</posx>
      <posy>-20</posy>
      <width>1</width>
      <height>1</height>
      <visible>true</visible>
      <onup>50</onup>
      <ondown>50</ondown>
      <onleft>50</onleft>
      <onright>50</onright>
      <autoscroll time="10000">true</autoscroll>
      <itemlayout width="1" height="1"></itemlayout>
      <focusedlayout height="1" width="1"></focusedlayout>
      <content>$INFO[Container(300).ListItem.Property(backgroundPlaylist)]</content>
    </control>
    <!--Multi Image fadelabel and Global Background -->
    <include condition="Skin.HasSetting(SkinHelper.EnableExtraFanart)">fanart_multi</include>
    <include>Global_Background</include>
    <control type="group">
        <animation time="0" effect="fade" start="100" end="0" condition="System.HasAlarm(loadinfo)">Conditional</animation>
      <animation effect="slide" end="40,0" time="500" condition="!Skin.HasSetting(DisableMenuHor) + Skin.HasSetting(DisableMenuVertLabel) + [Control.HasFocus(30222) | Control.HasFocus(1505) | Control.HasFocus(1506) | ControlGroup(505).HasFocus | ControlGroup(900).HasFocus | ControlGroup(505).HasFocus | [Control.HasFocus(13003) + [Integer.IsEqual(Container(13003).Position,0) + !Container(13003).HasPrevious]] | [Control.HasFocus(23003) + [Integer.IsEqual(Container(23003).Position,0) + !Container(23003).HasPrevious]] | [Control.HasFocus(33003) + [Integer.IsEqual(Container(33003).Position,0) + !Container(33003).HasPrevious]] | [Control.HasFocus(43003) + [Integer.IsEqual(Container(43003).Position,0) + !Container(43003).HasPrevious]] | [Control.HasFocus(53003) + [Integer.IsEqual(Container(53003).Position,0) + !Container(53003).HasPrevious]] | [Control.HasFocus(63003) + [Integer.IsEqual(Container(63003).Position,0) + !Container(63003).HasPrevious]]]">Conditional</animation>
      <animation effect="slide" end="280,0" time="500" delay="0" condition="Skin.HasSetting(DisableMenuVertLabel) + [Control.HasFocus(300) | Control.HasFocus(400) | Control.HasFocus(401)]" reversible="true">Conditional</animation>
      <animation effect="slide" end="250,0" time="500" delay="0" condition="Skin.HasSetting(DisableMenuVertLabelOnly) + [Control.HasFocus(300) | Control.HasFocus(400) | Control.HasFocus(401)]" reversible="true">Conditional</animation>
      <include>Widgets</include>
      <include>Object_PlotOverlay</include>
      <include condition="Skin.HasSetting(DisableAuraHomeLayout) + !Skin.HasSetting(SubmenuWidgetPanel) + !Skin.HasSetting(DisableNetflixCatWidget) + !Skin.HasSetting(LargeSubmenuLabel)">submenu_widget_fixed</include>
      <include condition="Skin.HasSetting(DisableAuraHomeLayout) + !Skin.HasSetting(SubmenuWidgetPanel) + !Skin.HasSetting(DisableNetflixCatWidget) + Skin.HasSetting(LargeSubmenuLabel)">submenu_widget_thumb</include>
    </control>
    <include condition="Skin.HasSetting(DisableMenuVertLabel)">Home_MainMenu_Layout_wLabel</include>
    <include condition="Skin.HasSetting(DisableMenuVertLabelOnly)">Home_MainMenu_Layout_wLabel_only</include>
    <include condition="Skin.HasSetting(DisableMenuVertFull) | !Skin.HasSetting(DisableMenuVertIcon)">Home</include>
    <include condition="Skin.HasSetting(DisableMenuHor)">Topbar</include>
    <control type="group">
      <include>Home_TVHubMenu_Layout</include>
      <include>Home_MovieHubMenu_Layout</include>
    </control>
    <include content="Object_UpDownInfoArrows">
      <param name="id" value="330" />
      <param name="hasprevious" value="false" />
      <param name="hasnext" value="!Skin.HasSetting(DisableAuraHomeLayout) + Control.HasFocus(30222)" />
      <param name="bottom" value="-10" />
    </include>
    <control type="group">
      <top>-10</top>
      <right>-60</right>
      <include>Logo</include>
      <visible>!Window.IsVisible(DialogNotification.xml) + !Window.IsVisible(DialogButtonMenu.xml) + !Window.IsVisible(DialogBusy.xml) + Skin.HasSetting(EnableHomeHeader)</visible>
    </control>
    <include>fadelabel_spotlight_list_tv</include>
    <include>fadelabel_spotlight_list_movies</include>
    <include condition="Skin.HasSetting(EnableSuggestedWidget)">similar_movies_list</include>
    <include condition="Skin.HasSetting(EnableSuggestedWidget)">similar_tv_list</include>
    <control type="button" id="4000">
      <visible allowhiddenfocus="true">false</visible>
      <width>1</width>
      <height>1</height>
      <onleft>300</onleft>
      <onright>300</onright>
      <onup>300</onup>
      <ondown>3000</ondown>
      <onfocus condition="!String.IsEmpty(Skin.String(MovieHubMenuFocus))">SetFocus(401,0,absolute)</onfocus>
      <onfocus condition="!String.IsEmpty(Skin.String(TVHubMenuFocus))">SetFocus(400,0,absolute)</onfocus>
      <onfocus condition="String.IsEmpty(Skin.String(MovieHubMenuFocus)) + String.IsEmpty(Skin.String(TVHubMenuFocus)) + Integer.IsGreater(Container(330).NumItems,0) + !String.IsEqual(Container(300).ListItem.Property(widget),Settings) + !String.IsEqual(Container(300).ListItem.Property(widget),Weather) + !String.IsEqual(Container(300).ListItem.Property(widgetType),Settings Widget) + !String.IsEqual(Container(300).ListItem.Property(widgetType),Weather Widget)">SetFocus(330)</onfocus>
      <onfocus condition="String.IsEqual(Container(300).ListItem.Property(widget),Settings) | String.IsEqual(Container(300).ListItem.Property(widgetType),Settings Widget) | String.IsEqual(Container(300).ListItem.Property(widgetType),Settings Widget) | String.IsEqual(Container(300).ListItem.Property(widgetType),Weather Widget)">SetFocus(300)</onfocus>
      <onfocus condition="!Integer.IsGreater(Container(330).NumItems,0) + String.IsEmpty(Skin.String(MovieHubMenuFocus)) + String.IsEmpty(Skin.String(TVHubMenuFocus)) + !String.IsEmpty(Skin.String(MenuPos))">SetFocus(300,$INFO[Skin.String(MenuPos)])</onfocus>
      <onfocus condition="!Integer.IsGreater(Container(330).NumItems,0) + String.IsEmpty(Skin.String(MovieHubMenuFocus)) + String.IsEmpty(Skin.String(TVHubMenuFocus)) + String.IsEmpty(Skin.String(MenuPos))">SetFocus(300)</onfocus>
    </control>
    <control type="image" description="Background">
      <include>Dimensions_Fullscreen</include>
      <texture background="true" colordiffuse="ff000000">common/white.png</texture>
      <visible>String.IsEmpty(Window(Home).Property(SkinSplashStarted)) | Integer.IsEqual(Container(300).NumItems,0) | Container(300).IsUpdating</visible>
      <animation effect="fade" start="100" end="0" delay="600" time="600" tween="quadratic">Hidden</animation>
      <visible>String.IsEmpty(Skin.String(StartupPlaylist))</visible>
    </control>
    <control type="image" description="Background">
      <include>Dimensions_Fullscreen</include>
      <texture background="true" fallback="special://skin/fanart.jpg">$INFO[Skin.String(StartupSplash)]</texture>
      <visible>String.IsEmpty(Window(Home).Property(SkinSplashStarted)) | Integer.IsEqual(Container(300).NumItems,0) | Container(300).IsUpdating</visible>
      <animation effect="fade" start="100" end="0" time="600" tween="quadratic">Hidden</animation>
      <visible>String.IsEmpty(Skin.String(StartupPlaylist))</visible>
    </control>
    <control type="group">
      <top>800</top>
      <visible>String.IsEmpty(Skin.String(StartupPlaylist))</visible>
      <visible>String.IsEmpty(Window(Home).Property(SkinSplashStarted)) | Integer.IsEqual(Container(300).NumItems,0) | Container(300).IsUpdating</visible>
      <animation effect="fade" start="100" end="0" time="600" tween="quadratic">Hidden</animation>
      <include content="Defs_BusySpinner">
        <param name="label" value="$LOCALIZE[31348]..." />
      </include>
    </control>
  </controls>
</window>
