<?xml version="1.0" encoding="utf-8"?>
<window type="window" id="2113">
  <defaultcontrol always="true">5600</defaultcontrol>
  <onload>AlarmClock(focusWidgets,SetFocus(505),00:00,silent)</onload>
  <onunload>ClearProperty(SkinHelper.WidgetContainer,Home)</onunload>
  <controls>
    <control type="list" id="505">
      <animation effect="slide" end="-500,0" time="500" condition="ControlGroup(5055).HasFocus">Conditional</animation>
      <onright>5055</onright>
      <height>900</height>
      <top>140</top>
      <left>60</left>
      <viewtype label="$LOCALIZE[31469]">icon</viewtype>
      <scrolltime tween="sine" easing="out">500</scrolltime>
      <itemlayout width="350" height="70">
        <control type="group">
          <control type="label">
            <left>30</left>
            <label>$INFO[ListItem.Label]</label>
            <align>left</align>
            <font>font_small</font>
            <textcolor>main_fg_70</textcolor>
          </control>
        </control>
      </itemlayout>
      <focusedlayout width="350" height="70">
        <control type="group">
          <control type="group">
            <height>70</height>
            <width>350</width>
            <left>10</left>
            <control type="image">
              <align>left</align>
              <aspectratio align="left" aligny="top">stretch</aspectratio>
              <texture background="true" colordiffuse="grey">diffuse/landscape.png</texture>
            </control>
          </control>
          <control type="label">
            <left>30</left>
            <label>$INFO[ListItem.Label]</label>
            <align>left</align>
            <font>font_small_bold</font>
            <textcolor>black</textcolor>
          </control>
        </control>
      </focusedlayout>
      <content>
        <include>skinshortcuts-group-x1103</include>
      </content>
    </control>
   <include>object_menuhub_includes</include>
    <control type="grouplist" id="5055">
      <animation effect="slide" end="-400,0" time="500" condition="ControlGroup(5055).HasFocus">Conditional</animation>
      <left>420</left>
      <posy>620</posy>
      <width>100%</width>
      <onleft>505</onleft>
      <onback>505</onback>
      <orientation>vertical</orientation>
      <include>skinshortcuts-template-x1103</include>
    </control>
  </controls>
</window>
