<?xml version="1.0" encoding="UTF-8" standalone="yes"?>
<addon id="context.skinshortcuts.addtomenu" name="Skin Shortcuts - Add To Menu" version="1.0.1" provider-name="BobCratchett,auramod">
  <requires>
    <import addon="xbmc.python" version="2.20.0"/>
    <import addon="script.skinshortcuts" version="1.0.7"/>
  </requires>
  <extension point="kodi.context.item" library="addon.py">
    <item>
      <label>32000</label>
      <visible>!StringCompare(ListItem.Label,..) + ListItem.IsFolder</visible>
    </item>
  </extension>
  <extension point="kodi.addon.metadata">
    <platform>all</platform>
    <summary lang="en_GB">Add folders to Skin Shortcuts managed menus</summary>
    <description lang="en_GB">Add folders to Skin Shortcuts managed menus directly from the context menu. Requires skin support.</description>
    <license>GNU General Public License, v2</license>
    <forum></forum>
    <source>https://github.com/Ignoble61/context.skinshortcuts.addtomenu</source>
  </extension>
</addon>
