<?xml version="1.0" encoding="UTF-8" standalone="yes"?>
<addon id="screensaver.netflix" name="Netflix Screensaver" version="1.0" provider-name="drinfernoo">
    <requires>
        <import addon="xbmc.python" version="2.14.0"/>
    </requires>
    
    <extension point="xbmc.ui.screensaver" library="default.py"/>
    <extension point="xbmc.python.script" library="script.py"/>
    
    <extension point="xbmc.addon.metadata">
        <summary lang="en">Netflix Screensaver</summary>
        <description lang="en">A recreation of Netflix's "parallax" screensaver.</description>
    </extension>
</addon>
