<?xml version="1.0" encoding="UTF-8"?>
<includes>

    <include name="View_List_Default">
        <control type="group">
            <visible>Control.IsVisible(50)</visible>
            <control type="group">
                <left>view_left</left>
                <right>view_pad</right>
                <top>view_pad</top>
                <bottom>view_pad</bottom>
                <control type="fixedlist" id="50">
                    <animation effect="slide" end="0,-90" condition="Integer.IsLess(Container(50).NumItems,9) + !Container(50).HasParent">Conditional</animation>
                    <animation effect="slide" end="0,-90" condition="Integer.IsLess(Container(50).NumItems,7)+ !Container(50).HasParent">Conditional</animation>
                    <animation effect="slide" end="0,-90" condition="Integer.IsLess(Container(50).NumItems,5)+ !Container(50).HasParent">Conditional</animation>
                    <animation effect="slide" end="0,-90" condition="Integer.IsLess(Container(50).NumItems,3)+ !Container(50).HasParent">Conditional</animation>
                    <animation effect="slide" end="0,-90" condition="Integer.IsLess(Container(50).NumItems,8) + Container(50).HasParent">Conditional</animation>
                    <animation effect="slide" end="0,-90" condition="Integer.IsLess(Container(50).NumItems,6)+ Container(50).HasParent">Conditional</animation>
                    <animation effect="slide" end="0,-90" condition="Integer.IsLess(Container(50).NumItems,4)+ Container(50).HasParent">Conditional</animation>
                    <animation effect="slide" end="0,-90" condition="Integer.IsLess(Container(50).NumItems,2)+ Container(50).HasParent">Conditional</animation>
                    <viewtype label="$LOCALIZE[535]">list</viewtype>
                    <include content="View_Forced">
                        <param name="string" value="$LOCALIZE[535]" />
                    </include>
                    <include content="View_List_Layout">
                        <param name="id" value="50" />
                    </include>
                </control>
            </control>
        </control>
    </include>

    <include name="View_List_MediaInfo">
        <control type="group">
            <visible>Control.IsVisible(500)</visible>
            <control type="group">
                <left>880</left>
                <right>view_pad</right>
                <top>view_pad</top>
                <bottom>view_pad</bottom>
                <control type="fixedlist" id="500">
                    <animation effect="slide" end="0,-90" condition="Integer.IsLess(Container(500).NumItems,9) + !Container(500).HasParent">Conditional</animation>
                    <animation effect="slide" end="0,-90" condition="Integer.IsLess(Container(500).NumItems,7)+ !Container(500).HasParent">Conditional</animation>
                    <animation effect="slide" end="0,-90" condition="Integer.IsLess(Container(500).NumItems,5)+ !Container(500).HasParent">Conditional</animation>
                    <animation effect="slide" end="0,-90" condition="Integer.IsLess(Container(500).NumItems,3)+ !Container(500).HasParent">Conditional</animation>
                    <animation effect="slide" end="0,-90" condition="Integer.IsLess(Container(500).NumItems,8) + Container(500).HasParent">Conditional</animation>
                    <animation effect="slide" end="0,-90" condition="Integer.IsLess(Container(500).NumItems,6)+ Container(500).HasParent">Conditional</animation>
                    <animation effect="slide" end="0,-90" condition="Integer.IsLess(Container(500).NumItems,4)+ Container(500).HasParent">Conditional</animation>
                    <animation effect="slide" end="0,-90" condition="Integer.IsLess(Container(500).NumItems,2)+ Container(500).HasParent">Conditional</animation>
                    <visible>Container.Content(movies) | Container.Content(episodes) | Container.Content(tvshows) | Container.Content(sets) | Container.Content(seasons) | Container.Content(artists) | Container.Content(videos) | $EXP[Exp_IsPluginAdvancedLauncher]</visible>
                    <include>View_NotTheseWindows</include>
                    <viewtype label="$LOCALIZE[31298]">list</viewtype>
                    <include content="View_Forced">
                        <param name="string" value="$LOCALIZE[31298]" />
                    </include>
                    <include content="View_List_Layout">
                        <param name="width" value="1000" />
                        <param name="id" value="500" />
                    </include>
                </control>
            </control>
            
        </control>
    </include>

    <include name="View_List_PosterInfo">
        <control type="group">
            <visible>Control.IsVisible(501)</visible>
            <control type="group">
                <left>view_left</left>
                <right>view_pad</right>
                <top>view_pad</top>
                <bottom>view_pad</bottom>
                <control type="group">
                    <height>450</height>
                    <left>20</left>
                    <include content="Object_Info">
                        <param name="id" value="501" />
                        <param name="width" value="1654" />
                        <param name="discart" value="true" />
                        <param name="hdsd_flag" value="true" />
                        <param name="plot_height" value="170" />
                    </include>
                </control>
                <control type="fixedlist" id="501">
                    <top>450</top>
                    <focusposition>2</focusposition>
                    <movement>2</movement>
                    <visible>Container.Content(movies) | Container.Content(episodes) | Container.Content(tvshows) | Container.Content(sets) | Container.Content(seasons) | $EXP[Exp_IsPluginAdvancedLauncher]</visible>
                    <include>View_NotTheseWindows</include>
                    <viewtype label="$LOCALIZE[31164]">list</viewtype>
                    <include content="View_Forced">
                        <param name="string" value="$LOCALIZE[31164]" />
                    </include>
                    <include content="View_List_Layout">
                        <param name="id" value="501" />
                    </include>
                </control>
            </control>
        </control>
    </include>

    <include name="View_List">
        <definition>
            <include>View_List_Default</include>
            <include condition="!Skin.HasSetting(DisableViewMode.MediaInfo) + [Window.IsVisible(MyVideoNav.xml) | Window.IsVisible(MyMusicNav.xml) | Window.IsVisible(MyPrograms.xml)]">View_List_MediaInfo</include>            
            <include condition="!Skin.HasSetting(DisableViewMode.InfoList) + [Window.IsVisible(MyVideoNav.xml) | Window.IsVisible(MyPrograms.xml)]">View_List_PosterInfo</include>
        </definition>
    </include>

    <include name="View_List_PVR">
        <control type="group">
            <visible>Control.IsVisible(50)</visible>
            <control type="group">
		<height>510</height>
                <left>0</left>
                <right>0</right>
                <top>500</top>
                <bottom>0</bottom>

		<control type="image">
		<height>510</height>
		<left>0</left>
		<right>0</right>
		<bottom>0</bottom>
		<texture background="true">common/darkblue-black-gradient.png</texture>
		</control>
                <control type="fixedlist" id="50">
                    <focusposition>2</focusposition>
                    <movement>2</movement>
                    <viewtype label="535">list</viewtype>
                    <include content="View_List_Layout">
                        <param name="width" value="1820" />
                    </include>
                </control>
            </control>
        </control>
    </include>

    <include name="View_List_ItemLayout">
        <control type="group">
            <left>10</left>
            <right>10</right>
            <control type="group">
                <control type="group">
                    <visible>!Window.IsVisible(MyPVRChannels.xml)</visible>
                    <!-- Overlay Indicator -->
                    <control type="image">
                        <centertop>50%</centertop>
                        <left>30</left>
                        <width>32</width>
                        <height>32</height>
                        <texture colordiffuse="main_fg_70">$VAR[Image_Overlay_List]</texture>
                        <visible>!String.IsEmpty(ListItem.Overlay)</visible>
                    </control>
                    <!-- Fallback Icon -->
                    <control type="image">
                        <centertop>50%</centertop>
                        <left>16</left>
                        <width>64</width>
                        <height>64</height>
                        <texture colordiffuse="main_fg_70" fallback="DefaultFolder.png">$VAR[Image_FallbackIcon]</texture>
                        <visible>String.IsEmpty(ListItem.Overlay)</visible>
                    </control>
                    <!-- HDSD Flag -->
                    <control type="image">
                        <centertop>51%</centertop>
                        <left>90</left>
                        <width>37</width>
                        <height>24</height>
                        <texture colordiffuse="main_fg_70">$VAR[Image_HDSD]</texture>
                        <visible>Container.Content(movies) | Container.Content(episodes)</visible>
                        <animation effect="slide" end="8" condition="String.IsEmpty(ListItem.Overlay)">Conditional</animation>
                        <visible>!ListItem.IsParentFolder</visible>
                    </control>
                    <!-- Year Label -->
                    <control type="label">
                        <left>156</left>
                        <width>80</width>
                        <height>100%</height>
                        <aligny>center</aligny>
                        <textcolor>main_fg_30</textcolor>
                        <font>font_small</font>
                        <label>$INFO[ListItem.Year]</label>
                        <animation effect="slide" end="-70" condition="!Container.Content(movies) + !Container.Content(episodes)">Conditional</animation>
                        <animation effect="slide" end="8" condition="String.IsEmpty(ListItem.Overlay)">Conditional</animation>
                        <visible>!String.IsEmpty(ListItem.Year) + Container.Content(movies)</visible>
                    </control>
                    <!-- Label with Year and HDSD -->
                    <control type="label">
                        <left>236</left>
                        <right>30</right>
                        <height>100%</height>
                        <aligny>center</aligny>
                        <textcolor>main_fg_70</textcolor>
                        <font>font_small</font>
                        <animation effect="slide" end="8" condition="String.IsEmpty(ListItem.Overlay)">Conditional</animation>
                        <label>$INFO[ListItem.Label]</label>
                        <visible>Container.Content(movies) + !String.IsEmpty(ListItem.Year) + !ListItem.IsParentFolder</visible>
                    </control>
                    <!-- Label with HDSD -->
                    <control type="label">
                        <left>156</left>
                        <right>30</right>
                        <height>100%</height>
                        <aligny>center</aligny>
                        <textcolor>main_fg_70</textcolor>
                        <font>font_small</font>
                        <animation effect="slide" end="8" condition="String.IsEmpty(ListItem.Overlay)">Conditional</animation>
                        <label>$INFO[ListItem.Label]</label>
                        <visible>[Container.Content(movies) + String.IsEmpty(ListItem.Year) + !ListItem.IsParentFolder] | Container.Content(episodes)</visible>
                    </control>
                    <!-- Label without HDSD or Year -->
                    <control type="label">
                        <left>86</left>
                        <right>30</right>
                        <height>100%</height>
                        <aligny>center</aligny>
                        <textcolor>main_fg_70</textcolor>
                        <font>font_small</font>
                        <animation effect="slide" end="8" condition="String.IsEmpty(ListItem.Overlay)">Conditional</animation>
                        <label>$INFO[ListItem.Label]</label>
                        <visible>[!Container.Content(movies) + !Container.Content(episodes)] | ListItem.IsParentFolder</visible>
                    </control>
                    <!-- Label 2 -->
                    <control type="label">
                        <left>30</left>
                        <right>30</right>
                        <align>right</align>
                        <height>100%</height>
                        <aligny>center</aligny>
                        <textcolor>main_fg_30</textcolor>
                        <font>font_small</font>
                        <label>$INFO[ListItem.Label2]</label>
                    </control>   
                </control>
                <control type="group">
                    <left>15</left>
                    <visible>Window.IsVisible(MyPVRChannels.xml)</visible>
                    <control type="image">
                        <bordersize>10</bordersize>
<!--                        <height>$PARAM[height]</height>
                        <width>$PARAM[height]</width> -->
			<width>130</width>
			<height>110</height>
                        <aspectratio>keep</aspectratio>
                        <texture fallback="special://skin/extras/icons/tv.png">$INFO[ListItem.Icon]</texture>
                    </control>
                    <control type="group">
                        <left>$PARAM[height]</left>
                        <control type="label">
                            <left>60</left>
                            <width>340</width>
                            <height>100%</height>
                            <aligny>center</aligny>
                            <textcolor>main_fg_30</textcolor>
                            <font>font_tiny_bold_uppercase</font>
                            <label>$INFO[ListItem.ChannelNumber,,. ]$INFO[ListItem.ChannelName,,]</label>
                        </control>
                        <control type="label">
                            <left>400</left>
                            <right>300</right>
                            <height>100%</height>
                            <aligny>center</aligny>
                            <textcolor>main_fg_70</textcolor>
                            <font>font_tiny_uppercase</font>
                            <label>$INFO[ListItem.Title]</label>
                        </control>
                        <control type="label">
                            <left>800</left>
                            <right>340</right>
                            <height>100%</height>
                            <aligny>center</aligny>
                            <align>right</align>
                            <textcolor>main_fg_30</textcolor>
                            <font>font_tiny_uppercase</font>
                            <scroll>false</scroll>
                            <label>$INFO[ListItem.NextTitle]</label>
                        </control>
                        <control type="label">
                            <width>125</width>
                            <right>155</right>
                            <height>100%</height>
                            <aligny>center</aligny>
                            <align>right</align>
                            <textcolor>main_fg_30</textcolor>
                            <font>font_tiny_bold_uppercase</font>
                            <scroll>false</scroll>
                            <label>$INFO[ListItem.StartTime]    </label>
                        </control>
                        <control type="label">
                            <width>250</width>
                            <right>30</right>
                            <height>100%</height>
                            <aligny>center</aligny>
                            <align>center</align>
                            <textcolor>main_fg_30</textcolor>
                            <font>font_tiny_bold_uppercase</font>
                            <scroll>false</scroll>
                            <label>   |</label>
                            <visible>!String.IsEmpty(ListItem.EndTime)</visible>
                        </control>
                        <control type="label">
                            <width>125</width>
                            <right>30</right>
                            <height>100%</height>
                            <aligny>center</aligny>
                            <align>right</align>
                            <textcolor>main_fg_30</textcolor>
                            <font>font_tiny_bold_uppercase</font>
                            <scroll>false</scroll>
                            <label>   $INFO[ListItem.EndTime]</label>
                        </control>
                    </control>
                </control>
            </control>
        </control>
    </include>

    <include name="View_List_Layout">
        <param name="id" default="50" />
        <param name="width" default="list_width" />
        <param name="height" default="listitem_height" />
        <definition>
            <left>-10</left>
            <right>-10</right>
            <description>Plugin Content Widget</description>
            <focusposition>4</focusposition>
            <movement>5</movement>
            <width>$PARAM[width]</width>
            <top>0</top>
            <include>View_Movement_Horizontal</include>
            <preloaditems>2</preloaditems>
            <orientation>vertical</orientation>
            <pagecontrol>60</pagecontrol>
            <scrolltime tween="quadratic">400</scrolltime>
            <itemlayout width="$PARAM[width]" height="$PARAM[height]">
                <include content="View_List_ItemLayout">
                    <param name="id" value="$PARAM[id]" />
                    <param name="height" value="$PARAM[height]" />
                    <param name="width" value="$PARAM[width]" />
                </include>
            </itemlayout>
            <focusedlayout width="$PARAM[width]" height="$PARAM[height]">
                <control type="group">
                    <visible>!Control.HasFocus($PARAM[id])</visible>
                    <include content="View_List_ItemLayout">
                        <param name="id" value="$PARAM[id]" />
                        <param name="height" value="$PARAM[height]" />
                        <param name="width" value="$PARAM[width]" />
                    </include>
                </control>
                <control type="group">
                    <left>10</left>
                    <right>10</right>
                    <visible>Control.HasFocus($PARAM[id])</visible>
                    <control type="group">
                        <animation type="Focus" condition="!Skin.HasSetting(BounceAnimations) + Container($PARAM[id]).OnNext" reversible="false">
                            <effect type="slide" start="0,-50" end="0,0" time="300" tween="back" easing="out" />
                        </animation>
                        <animation type="Focus" condition="!Skin.HasSetting(BounceAnimations) + Container($PARAM[id]).OnPrevious" reversible="false">
                            <effect type="slide" start="0,50" end="0,0" time="300" tween="back" easing="out" />
                        </animation>
                        <control type="group">
                            <include content="Defs_PosterBack">
                                <param name="pad" value="-10" />
                                <param name="gradientcolordiffuse" value="afffffff" />
                            </include>
                            <control type="image">
                                <texture colordiffuse="$VAR[ColorHighlight]" border="5" flipy="true">diffuse/halfbox.png</texture>
                                <height>8</height>
                                <bottom>0</bottom>
                            </control>
                            <control type="image">
                                <texture colordiffuse="$VAR[ColorHighlight2]" border="5" diffuse="common/gradient-diffuse-horizontal.png" flipy="true">diffuse/halfbox.png</texture>
                                <height>8</height>
                                <bottom>0</bottom>
                            </control>
                            <control type="image">
                                <texture colordiffuse="PixelLines" border="20">common/outline.png</texture>
                            </control>
                        </control>
                    </control>

                    <control type="group">
                        <control type="group">
                            <visible>!Window.IsVisible(MyPVRChannels.xml)</visible>
                            <!-- Overlay Indicator -->
                            <control type="image">
                                <centertop>50%</centertop>
                                <left>30</left>
                                <width>32</width>
                                <height>32</height>
                                <texture colordiffuse="PosterFront">$VAR[Image_Overlay_List]</texture>
                                <visible>!String.IsEmpty(ListItem.Overlay)</visible>
                            </control>
                            <!-- Fallback Icon -->
                            <control type="image">
                                <centertop>50%</centertop>
                                <left>16</left>
                                <width>64</width>
                                <height>64</height>
                                <texture colordiffuse="PosterFront" fallback="DefaultFolder.png">$VAR[Image_FallbackIcon]</texture>
                                <visible>String.IsEmpty(ListItem.Overlay)</visible>
                            </control>
                            <!-- HDSD Flag -->
                            <control type="image">
                                <centertop>51%</centertop>
                                <left>90</left>
                                <width>37</width>
                                <height>24</height>
                                <texture colordiffuse="PosterFront">$VAR[Image_HDSD]</texture>
                                <visible>Container.Content(movies) | Container.Content(episodes)</visible>
                                <visible>!ListItem.IsParentFolder</visible>
                                <animation effect="slide" end="8" condition="String.IsEmpty(ListItem.Overlay)">Conditional</animation>
                            </control>
                            <!-- Year Label -->
                            <control type="label">
                                <left>156</left>
                                <width>80</width>
                                <height>100%</height>
                                <aligny>center</aligny>
                                <textcolor>PosterFront</textcolor>
                                <font>font_small</font>
                                <label>$INFO[ListItem.Year]</label>
                                <animation effect="slide" end="-70" condition="!Container.Content(movies) + !Container.Content(episodes)">Conditional</animation>
                                <animation effect="slide" end="8" condition="String.IsEmpty(ListItem.Overlay)">Conditional</animation>
                                <visible>!String.IsEmpty(ListItem.Year) + Container.Content(movies) + !ListItem.IsParentFolder</visible>
                            </control>
                            <!-- Label with Year and HDSD -->
                            <control type="label">
                                <left>236</left>
                                <right>30</right>
                                <height>100%</height>
                                <aligny>center</aligny>
                                <textcolor>PosterFront</textcolor>
                                <font>font_small</font>
                                <animation effect="slide" end="8" condition="String.IsEmpty(ListItem.Overlay)">Conditional</animation>
                                <label>$INFO[ListItem.Label]</label>
                                <visible>Container.Content(movies) + !String.IsEmpty(ListItem.Year) + !ListItem.IsParentFolder</visible>
                            </control>
                            <!-- Label with HDSD -->
                            <control type="label">
                                <left>156</left>
                                <right>30</right>
                                <height>100%</height>
                                <aligny>center</aligny>
                                <textcolor>PosterFront</textcolor>
                                <font>font_small</font>
                                <animation effect="slide" end="8" condition="String.IsEmpty(ListItem.Overlay)">Conditional</animation>
                                <label>$INFO[ListItem.Label]</label>
                                <visible>[Container.Content(movies) + String.IsEmpty(ListItem.Year) + !ListItem.IsParentFolder] | Container.Content(episodes)</visible>
                            </control>
                            <!-- Label without HDSD or Year -->
                            <control type="label">
                                <left>86</left>
                                <right>30</right>
                                <height>100%</height>
                                <aligny>center</aligny>
                                <textcolor>PosterFront</textcolor>
                                <font>font_small</font>
                                <animation effect="slide" end="8" condition="String.IsEmpty(ListItem.Overlay)">Conditional</animation>
                                <label>$INFO[ListItem.Label]</label>
                                <visible>[!Container.Content(movies) + !Container.Content(episodes)] | ListItem.IsParentFolder</visible>
                            </control>
                            <!-- Label 2 -->
                            <control type="label">
                                <left>30</left>
                                <right>30</right>
                                <align>right</align>
                                <height>100%</height>
                                <aligny>center</aligny>
                                <textcolor>PosterFront</textcolor>
                                <font>font_small</font>
                                <label>$INFO[ListItem.Label2]</label>
                            </control>
                        </control>
                        <control type="group">
                            <left>20</left>
                            <visible>Window.IsVisible(MyPVRChannels.xml)</visible>
                            <control type="image">
                                <bordersize>10</bordersize>
<!--                                <height>$PARAM[height]</height>
                                <width>$PARAM[height]</width>
-->
				<width>130</width>
	                        <height>110</height>
                                <aspectratio>keep</aspectratio>
                                <texture fallback="special://skin/extras/icons/tv.png">$INFO[ListItem.Icon]</texture>
                            </control>
                            <control type="group">
                                <left>$PARAM[height]</left>
                                <control type="label">
                                    <left>60</left>
                                    <width>340</width>
                                    <height>100%</height>
                                    <aligny>center</aligny>
                                    <textcolor>PosterFront</textcolor>
                                    <font>font_tiny_bold_uppercase</font>
                                    <label>$INFO[ListItem.ChannelNumber,,. ]$INFO[ListItem.ChannelName,,]</label>
                                </control>
                                <control type="label">
                                    <left>400</left>
                                    <right>300</right>
                                    <height>100%</height>
                                    <aligny>center</aligny>
                                    <textcolor>PosterFront</textcolor>
                                    <font>font_tiny_uppercase</font>
                                    <label>$INFO[ListItem.Title]</label>
                                </control>
                                <control type="label">
                                    <left>800</left>
                                    <right>340</right>
                                    <height>100%</height>
                                    <aligny>center</aligny>
                                    <align>right</align>
                                    <textcolor>PosterFront</textcolor>
                                    <font>font_tiny_uppercase</font>
                                    <scroll>false</scroll>
                                    <label>[UPPERCASE]$INFO[ListItem.NextTitle][/UPPERCASE]</label>
                                </control>
                                <control type="label">
                                    <width>125</width>
                                    <right>155</right>
                                    <height>100%</height>
                                    <aligny>center</aligny>
                                    <align>right</align>
                                    <textcolor>PosterFront</textcolor>
                                    <font>font_tiny_bold_uppercase</font>
                                    <scroll>false</scroll>
                                    <label>$INFO[ListItem.StartTime]    </label>
                                </control>
                                <control type="label">
                                    <width>250</width>
                                    <right>30</right>
                                    <height>100%</height>
                                    <aligny>center</aligny>
                                    <align>center</align>
                                    <textcolor>PosterFront</textcolor>
                                    <font>font_tiny_bold_uppercase</font>
                                    <scroll>false</scroll>
                                    <label>   |</label>
                                    <visible>!String.IsEmpty(ListItem.EndTime)</visible>
                                </control>
                                <control type="label">
                                    <width>125</width>
                                    <right>30</right>
                                    <height>100%</height>
                                    <aligny>center</aligny>
                                    <align>right</align>
                                    <textcolor>PosterFront</textcolor>
                                    <font>font_tiny_bold_uppercase</font>
                                    <scroll>false</scroll>
                                    <label>   $INFO[ListItem.EndTime]</label>
                                </control>
                            </control>
                        </control>
                    </control>
                </control>

            </focusedlayout>
        </definition>
    </include>
</includes>

